char,codepoint,freq,file,index
一,U+4E00,2,chars_000.bmp,0
丿,U+4E3F,2,chars_000.bmp,1
佘,U+4F58,2,chars_000.bmp,2
弥,U+5F25,2,chars_000.bmp,3
茛,U+831B,2,chars_000.bmp,4
栎,U+680E,2,chars_000.bmp,5
御,U+5FA1,2,chars_000.bmp,6
葡,U+8461,2,chars_000.bmp,7
蝌,U+874C,2,chars_000.bmp,8
倘,U+5018,2,chars_000.bmp,9
赊,U+8D4A,2,chars_000.bmp,10
桴,U+6874,2,chars_000.bmp,11
庾,U+5EBE,2,chars_000.bmp,12
薨,U+85A8,2,chars_000.bmp,13
幢,U+5E62,2,chars_000.bmp,14
丨,U+4E28,1,chars_000.bmp,15
丶,U+4E36,1,chars_000.bmp,16
乛,U+4E5B,1,chars_000.bmp,17
乙,U+4E59,1,chars_000.bmp,18
二,U+4E8C,1,chars_000.bmp,19
十,U+5341,1,chars_000.bmp,20
丁,U+4E01,1,chars_000.bmp,21
厂,U+5382,1,chars_000.bmp,22
七,U+4E03,1,chars_000.bmp,23
卜,U+535C,1,chars_000.bmp,24
八,U+516B,1,chars_000.bmp,25
人,U+4EBA,1,chars_000.bmp,26
入,U+5165,1,chars_000.bmp,27
儿,U+513F,1,chars_000.bmp,28
九,U+4E5D,1,chars_000.bmp,29
匕,U+5315,1,chars_000.bmp,30
几,U+51E0,1,chars_000.bmp,31
了,U+4E86,1,chars_000.bmp,32
乃,U+4E43,1,chars_000.bmp,33
刀,U+5200,1,chars_000.bmp,34
力,U+529B,1,chars_000.bmp,35
又,U+53C8,1,chars_000.bmp,36
乜,U+4E5C,1,chars_000.bmp,37
三,U+4E09,1,chars_000.bmp,38
干,U+5E72,1,chars_000.bmp,39
亍,U+4E8D,1,chars_000.bmp,40
于,U+4E8E,1,chars_000.bmp,41
亏,U+4E8F,1,chars_000.bmp,42
士,U+58EB,1,chars_000.bmp,43
土,U+571F,1,chars_000.bmp,44
工,U+5DE5,1,chars_000.bmp,45
才,U+624D,1,chars_000.bmp,46
下,U+4E0B,1,chars_000.bmp,47
寸,U+5BF8,1,chars_000.bmp,48
丈,U+4E08,1,chars_000.bmp,49
大,U+5927,1,chars_000.bmp,50
兀,U+5140,1,chars_000.bmp,51
与,U+4E0E,1,chars_000.bmp,52
万,U+4E07,1,chars_000.bmp,53
弋,U+5F0B,1,chars_000.bmp,54
上,U+4E0A,1,chars_000.bmp,55
小,U+5C0F,1,chars_000.bmp,56
口,U+53E3,1,chars_000.bmp,57
山,U+5C71,1,chars_000.bmp,58
巾,U+5DFE,1,chars_000.bmp,59
千,U+5343,1,chars_000.bmp,60
乞,U+4E5E,1,chars_000.bmp,61
川,U+5DDD,1,chars_000.bmp,62
亿,U+4EBF,1,chars_000.bmp,63
彳,U+5F73,1,chars_000.bmp,64
个,U+4E2A,1,chars_000.bmp,65
么,U+4E48,1,chars_000.bmp,66
久,U+4E45,1,chars_000.bmp,67
勺,U+52FA,1,chars_000.bmp,68
丸,U+4E38,1,chars_000.bmp,69
夕,U+5915,1,chars_000.bmp,70
凡,U+51E1,1,chars_000.bmp,71
及,U+53CA,1,chars_000.bmp,72
广,U+5E7F,1,chars_000.bmp,73
亡,U+4EA1,1,chars_000.bmp,74
门,U+95E8,1,chars_000.bmp,75
丫,U+4E2B,1,chars_000.bmp,76
义,U+4E49,1,chars_000.bmp,77
之,U+4E4B,1,chars_000.bmp,78
尸,U+5C38,1,chars_000.bmp,79
已,U+5DF2,1,chars_000.bmp,80
巳,U+5DF3,1,chars_000.bmp,81
弓,U+5F13,1,chars_000.bmp,82
己,U+5DF1,1,chars_000.bmp,83
卫,U+536B,1,chars_000.bmp,84
孑,U+5B51,1,chars_000.bmp,85
子,U+5B50,1,chars_000.bmp,86
孓,U+5B53,1,chars_000.bmp,87
也,U+4E5F,1,chars_000.bmp,88
女,U+5973,1,chars_000.bmp,89
飞,U+98DE,1,chars_000.bmp,90
刃,U+5203,1,chars_000.bmp,91
习,U+4E60,1,chars_000.bmp,92
叉,U+53C9,1,chars_000.bmp,93
马,U+9A6C,1,chars_000.bmp,94
乡,U+4E61,1,chars_000.bmp,95
幺,U+5E7A,1,chars_000.bmp,96
丰,U+4E30,1,chars_000.bmp,97
王,U+738B,1,chars_000.bmp,98
井,U+4E95,1,chars_000.bmp,99
开,U+5F00,1,chars_000.bmp,100
亓,U+4E93,1,chars_000.bmp,101
夫,U+592B,1,chars_000.bmp,102
天,U+5929,1,chars_000.bmp,103
元,U+5143,1,chars_000.bmp,104
无,U+65E0,1,chars_000.bmp,105
韦,U+97E6,1,chars_000.bmp,106
云,U+4E91,1,chars_000.bmp,107
专,U+4E13,1,chars_000.bmp,108
丐,U+4E10,1,chars_000.bmp,109
扎,U+624E,1,chars_000.bmp,110
廿,U+5EFF,1,chars_000.bmp,111
艺,U+827A,1,chars_000.bmp,112
木,U+6728,1,chars_000.bmp,113
五,U+4E94,1,chars_000.bmp,114
支,U+652F,1,chars_000.bmp,115
厅,U+5385,1,chars_000.bmp,116
卅,U+5345,1,chars_000.bmp,117
不,U+4E0D,1,chars_000.bmp,118
仄,U+4EC4,1,chars_000.bmp,119
太,U+592A,1,chars_000.bmp,120
犬,U+72AC,1,chars_000.bmp,121
区,U+533A,1,chars_000.bmp,122
历,U+5386,1,chars_000.bmp,123
友,U+53CB,1,chars_000.bmp,124
歹,U+6B79,1,chars_000.bmp,125
尤,U+5C24,1,chars_000.bmp,126
匹,U+5339,1,chars_000.bmp,127
厄,U+5384,1,chars_000.bmp,128
车,U+8F66,1,chars_000.bmp,129
巨,U+5DE8,1,chars_000.bmp,130
牙,U+7259,1,chars_000.bmp,131
屯,U+5C6F,1,chars_000.bmp,132
戈,U+6208,1,chars_000.bmp,133
比,U+6BD4,1,chars_000.bmp,134
互,U+4E92,1,chars_000.bmp,135
切,U+5207,1,chars_000.bmp,136
瓦,U+74E6,1,chars_000.bmp,137
止,U+6B62,1,chars_000.bmp,138
少,U+5C11,1,chars_000.bmp,139
曰,U+66F0,1,chars_000.bmp,140
日,U+65E5,1,chars_000.bmp,141
中,U+4E2D,1,chars_000.bmp,142
贝,U+8D1D,1,chars_000.bmp,143
内,U+5185,1,chars_000.bmp,144
水,U+6C34,1,chars_000.bmp,145
冈,U+5188,1,chars_000.bmp,146
见,U+89C1,1,chars_000.bmp,147
手,U+624B,1,chars_000.bmp,148
午,U+5348,1,chars_000.bmp,149
牛,U+725B,1,chars_000.bmp,150
毛,U+6BDB,1,chars_000.bmp,151
气,U+6C14,1,chars_000.bmp,152
壬,U+58EC,1,chars_000.bmp,153
升,U+5347,1,chars_000.bmp,154
夭,U+592D,1,chars_000.bmp,155
长,U+957F,1,chars_000.bmp,156
仁,U+4EC1,1,chars_000.bmp,157
仃,U+4EC3,1,chars_000.bmp,158
什,U+4EC0,1,chars_000.bmp,159
片,U+7247,1,chars_000.bmp,160
仆,U+4EC6,1,chars_000.bmp,161
仉,U+4EC9,1,chars_000.bmp,162
化,U+5316,1,chars_000.bmp,163
仇,U+4EC7,1,chars_000.bmp,164
币,U+5E01,1,chars_000.bmp,165
仂,U+4EC2,1,chars_000.bmp,166
仍,U+4ECD,1,chars_000.bmp,167
仅,U+4EC5,1,chars_000.bmp,168
斤,U+65A4,1,chars_000.bmp,169
爪,U+722A,1,chars_000.bmp,170
反,U+53CD,1,chars_000.bmp,171
兮,U+516E,1,chars_000.bmp,172
刈,U+5208,1,chars_000.bmp,173
介,U+4ECB,1,chars_000.bmp,174
父,U+7236,1,chars_000.bmp,175
爻,U+723B,1,chars_000.bmp,176
从,U+4ECE,1,chars_000.bmp,177
仑,U+4ED1,1,chars_000.bmp,178
今,U+4ECA,1,chars_000.bmp,179
凶,U+51F6,1,chars_000.bmp,180
分,U+5206,1,chars_000.bmp,181
乏,U+4E4F,1,chars_000.bmp,182
公,U+516C,1,chars_000.bmp,183
仓,U+4ED3,1,chars_000.bmp,184
月,U+6708,1,chars_000.bmp,185
氏,U+6C0F,1,chars_000.bmp,186
勿,U+52FF,1,chars_000.bmp,187
风,U+98CE,1,chars_000.bmp,188
欠,U+6B20,1,chars_000.bmp,189
丹,U+4E39,1,chars_000.bmp,190
匀,U+5300,1,chars_000.bmp,191
乌,U+4E4C,1,chars_000.bmp,192
勾,U+52FE,1,chars_000.bmp,193
殳,U+6BB3,1,chars_000.bmp,194
凤,U+51E4,1,chars_000.bmp,195
卞,U+535E,1,chars_000.bmp,196
六,U+516D,1,chars_000.bmp,197
文,U+6587,1,chars_000.bmp,198
亢,U+4EA2,1,chars_000.bmp,199
方,U+65B9,1,chars_000.bmp,200
闩,U+95E9,1,chars_000.bmp,201
火,U+706B,1,chars_000.bmp,202
为,U+4E3A,1,chars_000.bmp,203
斗,U+6597,1,chars_000.bmp,204
忆,U+5FC6,1,chars_000.bmp,205
计,U+8BA1,1,chars_000.bmp,206
订,U+8BA2,1,chars_000.bmp,207
户,U+6237,1,chars_000.bmp,208
讣,U+8BA3,1,chars_000.bmp,209
认,U+8BA4,1,chars_000.bmp,210
讥,U+8BA5,1,chars_000.bmp,211
冗,U+5197,1,chars_000.bmp,212
心,U+5FC3,1,chars_000.bmp,213
尹,U+5C39,1,chars_000.bmp,214
尺,U+5C3A,1,chars_000.bmp,215
夬,U+592C,1,chars_000.bmp,216
引,U+5F15,1,chars_000.bmp,217
丑,U+4E11,1,chars_000.bmp,218
爿,U+723F,1,chars_000.bmp,219
巴,U+5DF4,1,chars_000.bmp,220
孔,U+5B54,1,chars_000.bmp,221
队,U+961F,1,chars_000.bmp,222
办,U+529E,1,chars_000.bmp,223
以,U+4EE5,1,chars_000.bmp,224
允,U+5141,1,chars_000.bmp,225
邓,U+9093,1,chars_000.bmp,226
予,U+4E88,1,chars_000.bmp,227
劝,U+529D,1,chars_000.bmp,228
双,U+53CC,1,chars_000.bmp,229
书,U+4E66,1,chars_000.bmp,230
毋,U+6BCB,1,chars_000.bmp,231
幻,U+5E7B,1,chars_000.bmp,232
玉,U+7389,1,chars_000.bmp,233
刊,U+520A,1,chars_000.bmp,234
末,U+672B,1,chars_000.bmp,235
未,U+672A,1,chars_000.bmp,236
示,U+793A,1,chars_000.bmp,237
击,U+51FB,1,chars_000.bmp,238
邗,U+9097,1,chars_000.bmp,239
戋,U+620B,1,chars_000.bmp,240
打,U+6253,1,chars_000.bmp,241
巧,U+5DE7,1,chars_000.bmp,242
正,U+6B63,1,chars_000.bmp,243
扑,U+6251,1,chars_000.bmp,244
卉,U+5349,1,chars_000.bmp,245
扒,U+6252,1,chars_000.bmp,246
邛,U+909B,1,chars_000.bmp,247
功,U+529F,1,chars_000.bmp,248
扔,U+6254,1,chars_000.bmp,249
去,U+53BB,1,chars_000.bmp,250
甘,U+7518,1,chars_000.bmp,251
世,U+4E16,1,chars_000.bmp,252
艾,U+827E,1,chars_000.bmp,253
艽,U+827D,1,chars_000.bmp,254
古,U+53E4,1,chars_000.bmp,255
节,U+8282,1,chars_000.bmp,256
艿,U+827F,1,chars_000.bmp,257
本,U+672C,1,chars_000.bmp,258
术,U+672F,1,chars_000.bmp,259
札,U+672D,1,chars_000.bmp,260
可,U+53EF,1,chars_000.bmp,261
叵,U+53F5,1,chars_000.bmp,262
匝,U+531D,1,chars_000.bmp,263
丙,U+4E19,1,chars_000.bmp,264
左,U+5DE6,1,chars_000.bmp,265
厉,U+5389,1,chars_000.bmp,266
丕,U+4E15,1,chars_000.bmp,267
石,U+77F3,1,chars_000.bmp,268
右,U+53F3,1,chars_000.bmp,269
布,U+5E03,1,chars_000.bmp,270
夯,U+592F,1,chars_000.bmp,271
龙,U+9F99,1,chars_000.bmp,272
戊,U+620A,1,chars_000.bmp,273
平,U+5E73,1,chars_000.bmp,274
灭,U+706D,1,chars_000.bmp,275
轧,U+8F67,1,chars_000.bmp,276
东,U+4E1C,1,chars_000.bmp,277
匜,U+531C,1,chars_000.bmp,278
劢,U+52A2,1,chars_000.bmp,279
卡,U+5361,1,chars_000.bmp,280
北,U+5317,1,chars_000.bmp,281
占,U+5360,1,chars_000.bmp,282
凸,U+51F8,1,chars_000.bmp,283
卢,U+5362,1,chars_000.bmp,284
业,U+4E1A,1,chars_000.bmp,285
旧,U+65E7,1,chars_000.bmp,286
帅,U+5E05,1,chars_000.bmp,287
归,U+5F52,1,chars_000.bmp,288
目,U+76EE,1,chars_000.bmp,289
旦,U+65E6,1,chars_000.bmp,290
且,U+4E14,1,chars_000.bmp,291
叮,U+53EE,1,chars_000.bmp,292
叶,U+53F6,1,chars_000.bmp,293
甲,U+7532,1,chars_000.bmp,294
申,U+7533,1,chars_000.bmp,295
号,U+53F7,1,chars_000.bmp,296
电,U+7535,1,chars_000.bmp,297
田,U+7530,1,chars_000.bmp,298
由,U+7531,1,chars_000.bmp,299
卟,U+535F,1,chars_000.bmp,300
叭,U+53ED,1,chars_000.bmp,301
只,U+53EA,1,chars_000.bmp,302
央,U+592E,1,chars_000.bmp,303
史,U+53F2,1,chars_000.bmp,304
叱,U+53F1,1,chars_000.bmp,305
叽,U+53FD,1,chars_000.bmp,306
兄,U+5144,1,chars_000.bmp,307
叼,U+53FC,1,chars_000.bmp,308
叩,U+53E9,1,chars_000.bmp,309
叫,U+53EB,1,chars_000.bmp,310
叻,U+53FB,1,chars_000.bmp,311
叨,U+53E8,1,chars_000.bmp,312
另,U+53E6,1,chars_000.bmp,313
叹,U+53F9,1,chars_000.bmp,314
冉,U+5189,1,chars_000.bmp,315
皿,U+76BF,1,chars_000.bmp,316
凹,U+51F9,1,chars_000.bmp,317
囚,U+56DA,1,chars_000.bmp,318
四,U+56DB,1,chars_000.bmp,319
生,U+751F,1,chars_000.bmp,320
失,U+5931,1,chars_000.bmp,321
矢,U+77E2,1,chars_000.bmp,322
氕,U+6C15,1,chars_000.bmp,323
乍,U+4E4D,1,chars_000.bmp,324
禾,U+79BE,1,chars_000.bmp,325
仨,U+4EE8,1,chars_000.bmp,326
仕,U+4ED5,1,chars_000.bmp,327
丘,U+4E18,1,chars_000.bmp,328
付,U+4ED8,1,chars_000.bmp,329
仗,U+4ED7,1,chars_000.bmp,330
代,U+4EE3,1,chars_000.bmp,331
仙,U+4ED9,1,chars_000.bmp,332
仟,U+4EDF,1,chars_000.bmp,333
仡,U+4EE1,1,chars_000.bmp,334
仫,U+4EEB,1,chars_000.bmp,335
伋,U+4F0B,1,chars_000.bmp,336
们,U+4EEC,1,chars_000.bmp,337
仪,U+4EEA,1,chars_000.bmp,338
白,U+767D,1,chars_000.bmp,339
仔,U+4ED4,1,chars_000.bmp,340
他,U+4ED6,1,chars_000.bmp,341
仞,U+4EDE,1,chars_000.bmp,342
斥,U+65A5,1,chars_000.bmp,343
卮,U+536E,1,chars_000.bmp,344
瓜,U+74DC,1,chars_000.bmp,345
乎,U+4E4E,1,chars_000.bmp,346
丛,U+4E1B,1,chars_000.bmp,347
令,U+4EE4,1,chars_000.bmp,348
用,U+7528,1,chars_000.bmp,349
甩,U+7529,1,chars_000.bmp,350
印,U+5370,1,chars_000.bmp,351
氐,U+6C10,1,chars_000.bmp,352
乐,U+4E50,1,chars_000.bmp,353
尔,U+5C14,1,chars_000.bmp,354
句,U+53E5,1,chars_000.bmp,355
匆,U+5306,1,chars_000.bmp,356
犰,U+72B0,1,chars_000.bmp,357
册,U+518C,1,chars_000.bmp,358
卯,U+536F,1,chars_000.bmp,359
犯,U+72AF,1,chars_000.bmp,360
外,U+5916,1,chars_000.bmp,361
处,U+5904,1,chars_000.bmp,362
冬,U+51AC,1,chars_000.bmp,363
鸟,U+9E1F,1,chars_000.bmp,364
务,U+52A1,1,chars_000.bmp,365
刍,U+520D,1,chars_000.bmp,366
包,U+5305,1,chars_000.bmp,367
饥,U+9965,1,chars_000.bmp,368
主,U+4E3B,1,chars_000.bmp,369
市,U+5E02,1,chars_000.bmp,370
庀,U+5E80,1,chars_000.bmp,371
邝,U+909D,1,chars_000.bmp,372
立,U+7ACB,1,chars_000.bmp,373
冯,U+51AF,1,chars_000.bmp,374
邙,U+9099,1,chars_000.bmp,375
玄,U+7384,1,chars_000.bmp,376
闪,U+95EA,1,chars_000.bmp,377
兰,U+5170,1,chars_000.bmp,378
半,U+534A,1,chars_000.bmp,379
汀,U+6C40,1,chars_000.bmp,380
汁,U+6C41,1,chars_000.bmp,381
汇,U+6C47,1,chars_000.bmp,382
头,U+5934,1,chars_000.bmp,383
汈,U+6C48,1,chars_000.bmp,384
汉,U+6C49,1,chars_000.bmp,385
忉,U+5FC9,1,chars_000.bmp,386
宁,U+5B81,1,chars_000.bmp,387
穴,U+7A74,1,chars_000.bmp,388
宄,U+5B84,1,chars_000.bmp,389
它,U+5B83,1,chars_000.bmp,390
讦,U+8BA6,1,chars_000.bmp,391
讧,U+8BA7,1,chars_000.bmp,392
讨,U+8BA8,1,chars_000.bmp,393
写,U+5199,1,chars_000.bmp,394
让,U+8BA9,1,chars_000.bmp,395
礼,U+793C,1,chars_000.bmp,396
讪,U+8BAA,1,chars_000.bmp,397
讫,U+8BAB,1,chars_000.bmp,398
训,U+8BAD,1,chars_000.bmp,399
必,U+5FC5,1,chars_000.bmp,400
议,U+8BAE,1,chars_000.bmp,401
讯,U+8BAF,1,chars_000.bmp,402
记,U+8BB0,1,chars_000.bmp,403
永,U+6C38,1,chars_000.bmp,404
司,U+53F8,1,chars_000.bmp,405
尻,U+5C3B,1,chars_000.bmp,406
尼,U+5C3C,1,chars_000.bmp,407
民,U+6C11,1,chars_000.bmp,408
弗,U+5F17,1,chars_000.bmp,409
弘,U+5F18,1,chars_000.bmp,410
阢,U+9622,1,chars_000.bmp,411
出,U+51FA,1,chars_000.bmp,412
阡,U+9621,1,chars_000.bmp,413
辽,U+8FBD,1,chars_000.bmp,414
奶,U+5976,1,chars_000.bmp,415
奴,U+5974,1,chars_000.bmp,416
尕,U+5C15,1,chars_000.bmp,417
加,U+52A0,1,chars_000.bmp,418
召,U+53EC,1,chars_000.bmp,419
皮,U+76AE,1,chars_000.bmp,420
边,U+8FB9,1,chars_000.bmp,421
孕,U+5B55,1,chars_000.bmp,422
发,U+53D1,1,chars_000.bmp,423
圣,U+5723,1,chars_000.bmp,424
对,U+5BF9,1,chars_000.bmp,425
弁,U+5F01,1,chars_000.bmp,426
台,U+53F0,1,chars_000.bmp,427
矛,U+77DB,1,chars_000.bmp,428
纠,U+7EA0,1,chars_000.bmp,429
驭,U+9A6D,1,chars_000.bmp,430
母,U+6BCD,1,chars_000.bmp,431
幼,U+5E7C,1,chars_000.bmp,432
丝,U+4E1D,1,chars_000.bmp,433
匡,U+5321,1,chars_000.bmp,434
耒,U+8012,1,chars_000.bmp,435
邦,U+90A6,1,chars_000.bmp,436
玎,U+738E,1,chars_000.bmp,437
玑,U+7391,1,chars_000.bmp,438
式,U+5F0F,1,chars_000.bmp,439
迂,U+8FC2,1,chars_000.bmp,440
刑,U+5211,1,chars_000.bmp,441
邢,U+90A2,1,chars_000.bmp,442
戎,U+620E,1,chars_000.bmp,443
动,U+52A8,1,chars_000.bmp,444
圩,U+5729,1,chars_000.bmp,445
圬,U+572C,1,chars_000.bmp,446
圭,U+572D,1,chars_000.bmp,447
扛,U+625B,1,chars_000.bmp,448
寺,U+5BFA,1,chars_000.bmp,449
吉,U+5409,1,chars_000.bmp,450
扣,U+6263,1,chars_000.bmp,451
扦,U+6266,1,chars_000.bmp,452
圪,U+572A,1,chars_000.bmp,453
考,U+8003,1,chars_000.bmp,454
托,U+6258,1,chars_000.bmp,455
圳,U+5733,1,chars_000.bmp,456
老,U+8001,1,chars_000.bmp,457
圾,U+573E,1,chars_000.bmp,458
巩,U+5DE9,1,chars_000.bmp,459
执,U+6267,1,chars_000.bmp,460
扩,U+6269,1,chars_000.bmp,461
圹,U+5739,1,chars_000.bmp,462
扪,U+626A,1,chars_000.bmp,463
扫,U+626B,1,chars_000.bmp,464
圯,U+572F,1,chars_000.bmp,465
圮,U+572E,1,chars_000.bmp,466
地,U+5730,1,chars_000.bmp,467
扬,U+626C,1,chars_000.bmp,468
场,U+573A,1,chars_000.bmp,469
耳,U+8033,1,chars_000.bmp,470
芋,U+828B,1,chars_000.bmp,471
芏,U+828F,1,chars_000.bmp,472
共,U+5171,1,chars_000.bmp,473
芊,U+828A,1,chars_000.bmp,474
芍,U+828D,1,chars_000.bmp,475
芨,U+82A8,1,chars_000.bmp,476
芄,U+8284,1,chars_000.bmp,477
芒,U+8292,1,chars_000.bmp,478
亚,U+4E9A,1,chars_000.bmp,479
芝,U+829D,1,chars_000.bmp,480
芎,U+828E,1,chars_000.bmp,481
芑,U+8291,1,chars_000.bmp,482
芗,U+8297,1,chars_000.bmp,483
朽,U+673D,1,chars_000.bmp,484
朴,U+6734,1,chars_000.bmp,485
机,U+673A,1,chars_000.bmp,486
权,U+6743,1,chars_000.bmp,487
过,U+8FC7,1,chars_000.bmp,488
亘,U+4E98,1,chars_000.bmp,489
臣,U+81E3,1,chars_000.bmp,490
吏,U+540F,1,chars_000.bmp,491
再,U+518D,1,chars_000.bmp,492
协,U+534F,1,chars_000.bmp,493
西,U+897F,1,chars_000.bmp,494
压,U+538B,1,chars_000.bmp,495
厌,U+538C,1,chars_000.bmp,496
厍,U+538D,1,chars_000.bmp,497
戌,U+620C,1,chars_000.bmp,498
在,U+5728,1,chars_000.bmp,499
百,U+767E,1,chars_000.bmp,500
有,U+6709,1,chars_000.bmp,501
存,U+5B58,1,chars_000.bmp,502
而,U+800C,1,chars_000.bmp,503
页,U+9875,1,chars_000.bmp,504
匠,U+5320,1,chars_000.bmp,505
夸,U+5938,1,chars_000.bmp,506
夺,U+593A,1,chars_000.bmp,507
夼,U+593C,1,chars_000.bmp,508
灰,U+7070,1,chars_000.bmp,509
达,U+8FBE,1,chars_000.bmp,510
戍,U+620D,1,chars_000.bmp,511
尥,U+5C25,1,chars_000.bmp,512
列,U+5217,1,chars_000.bmp,513
死,U+6B7B,1,chars_000.bmp,514
成,U+6210,1,chars_000.bmp,515
夹,U+5939,1,chars_000.bmp,516
夷,U+5937,1,chars_000.bmp,517
轨,U+8F68,1,chars_000.bmp,518
邪,U+90AA,1,chars_000.bmp,519
尧,U+5C27,1,chars_000.bmp,520
划,U+5212,1,chars_000.bmp,521
迈,U+8FC8,1,chars_000.bmp,522
毕,U+6BD5,1,chars_000.bmp,523
至,U+81F3,1,chars_000.bmp,524
此,U+6B64,1,chars_000.bmp,525
乩,U+4E69,1,chars_000.bmp,526
贞,U+8D1E,1,chars_000.bmp,527
师,U+5E08,1,chars_000.bmp,528
尘,U+5C18,1,chars_000.bmp,529
尖,U+5C16,1,chars_000.bmp,530
劣,U+52A3,1,chars_000.bmp,531
光,U+5149,1,chars_000.bmp,532
当,U+5F53,1,chars_000.bmp,533
吁,U+5401,1,chars_000.bmp,534
早,U+65E9,1,chars_000.bmp,535
吐,U+5410,1,chars_000.bmp,536
吓,U+5413,1,chars_000.bmp,537
旯,U+65EF,1,chars_000.bmp,538
曳,U+66F3,1,chars_000.bmp,539
虫,U+866B,1,chars_000.bmp,540
曲,U+66F2,1,chars_000.bmp,541
团,U+56E2,1,chars_000.bmp,542
同,U+540C,1,chars_000.bmp,543
吕,U+5415,1,chars_000.bmp,544
吊,U+540A,1,chars_000.bmp,545
吃,U+5403,1,chars_000.bmp,546
因,U+56E0,1,chars_000.bmp,547
吸,U+5438,1,chars_000.bmp,548
吗,U+5417,1,chars_000.bmp,549
吆,U+5406,1,chars_000.bmp,550
屿,U+5C7F,1,chars_000.bmp,551
屹,U+5C79,1,chars_000.bmp,552
岌,U+5C8C,1,chars_000.bmp,553
帆,U+5E06,1,chars_000.bmp,554
岁,U+5C81,1,chars_000.bmp,555
回,U+56DE,1,chars_000.bmp,556
岂,U+5C82,1,chars_000.bmp,557
屺,U+5C7A,1,chars_000.bmp,558
则,U+5219,1,chars_000.bmp,559
刚,U+521A,1,chars_000.bmp,560
网,U+7F51,1,chars_000.bmp,561
肉,U+8089,1,chars_000.bmp,562
凼,U+51FC,1,chars_000.bmp,563
囝,U+56DD,1,chars_000.bmp,564
囡,U+56E1,1,chars_000.bmp,565
钆,U+9486,1,chars_000.bmp,566
钇,U+9487,1,chars_000.bmp,567
年,U+5E74,1,chars_000.bmp,568
朱,U+6731,1,chars_000.bmp,569
缶,U+7F36,1,chars_000.bmp,570
氘,U+6C18,1,chars_000.bmp,571
氖,U+6C16,1,chars_000.bmp,572
牝,U+725D,1,chars_000.bmp,573
先,U+5148,1,chars_000.bmp,574
丢,U+4E22,1,chars_000.bmp,575
廷,U+5EF7,1,chars_000.bmp,576
舌,U+820C,1,chars_000.bmp,577
竹,U+7AF9,1,chars_000.bmp,578
迁,U+8FC1,1,chars_000.bmp,579
乔,U+4E54,1,chars_000.bmp,580
迄,U+8FC4,1,chars_000.bmp,581
伟,U+4F1F,1,chars_000.bmp,582
传,U+4F20,1,chars_000.bmp,583
乒,U+4E52,1,chars_000.bmp,584
乓,U+4E53,1,chars_000.bmp,585
休,U+4F11,1,chars_000.bmp,586
伍,U+4F0D,1,chars_000.bmp,587
伎,U+4F0E,1,chars_000.bmp,588
伏,U+4F0F,1,chars_000.bmp,589
伛,U+4F1B,1,chars_000.bmp,590
优,U+4F18,1,chars_000.bmp,591
臼,U+81FC,1,chars_000.bmp,592
伢,U+4F22,1,chars_000.bmp,593
伐,U+4F10,1,chars_000.bmp,594
仳,U+4EF3,1,chars_000.bmp,595
延,U+5EF6,1,chars_000.bmp,596
佤,U+4F64,1,chars_000.bmp,597
仲,U+4EF2,1,chars_000.bmp,598
仵,U+4EF5,1,chars_000.bmp,599
件,U+4EF6,1,chars_000.bmp,600
任,U+4EFB,1,chars_000.bmp,601
伤,U+4F24,1,chars_000.bmp,602
伥,U+4F25,1,chars_000.bmp,603
价,U+4EF7,1,chars_000.bmp,604
伦,U+4F26,1,chars_000.bmp,605
份,U+4EFD,1,chars_000.bmp,606
伧,U+4F27,1,chars_000.bmp,607
华,U+534E,1,chars_000.bmp,608
仰,U+4EF0,1,chars_000.bmp,609
伉,U+4F09,1,chars_000.bmp,610
仿,U+4EFF,1,chars_000.bmp,611
伙,U+4F19,1,chars_000.bmp,612
伪,U+4F2A,1,chars_000.bmp,613
伫,U+4F2B,1,chars_000.bmp,614
自,U+81EA,1,chars_000.bmp,615
伊,U+4F0A,1,chars_000.bmp,616
血,U+8840,1,chars_000.bmp,617
向,U+5411,1,chars_000.bmp,618
囟,U+56DF,1,chars_000.bmp,619
似,U+4F3C,1,chars_000.bmp,620
后,U+540E,1,chars_000.bmp,621
行,U+884C,1,chars_000.bmp,622
甪,U+752A,1,chars_000.bmp,623
舟,U+821F,1,chars_000.bmp,624
全,U+5168,1,chars_000.bmp,625
会,U+4F1A,1,chars_000.bmp,626
杀,U+6740,1,chars_000.bmp,627
合,U+5408,1,chars_000.bmp,628
兆,U+5146,1,chars_000.bmp,629
企,U+4F01,1,chars_000.bmp,630
汆,U+6C46,1,chars_000.bmp,631
氽,U+6C3D,1,chars_000.bmp,632
众,U+4F17,1,chars_000.bmp,633
爷,U+7237,1,chars_000.bmp,634
伞,U+4F1E,1,chars_000.bmp,635
创,U+521B,1,chars_000.bmp,636
刖,U+5216,1,chars_000.bmp,637
肌,U+808C,1,chars_000.bmp,638
肋,U+808B,1,chars_000.bmp,639
朵,U+6735,1,chars_000.bmp,640
杂,U+6742,1,chars_000.bmp,641
夙,U+5919,1,chars_000.bmp,642
危,U+5371,1,chars_000.bmp,643
旬,U+65EC,1,chars_000.bmp,644
旭,U+65ED,1,chars_000.bmp,645
旮,U+65EE,1,chars_000.bmp,646
旨,U+65E8,1,chars_000.bmp,647
负,U+8D1F,1,chars_000.bmp,648
犴,U+72B4,1,chars_000.bmp,649
刎,U+520E,1,chars_000.bmp,650
犷,U+72B7,1,chars_000.bmp,651
匈,U+5308,1,chars_000.bmp,652
犸,U+72B8,1,chars_000.bmp,653
舛,U+821B,1,chars_000.bmp,654
各,U+5404,1,chars_000.bmp,655
名,U+540D,1,chars_000.bmp,656
多,U+591A,1,chars_000.bmp,657
凫,U+51EB,1,chars_000.bmp,658
争,U+4E89,1,chars_000.bmp,659
邬,U+90AC,1,chars_000.bmp,660
色,U+8272,1,chars_000.bmp,661
饧,U+9967,1,chars_000.bmp,662
冱,U+51B1,1,chars_000.bmp,663
壮,U+58EE,1,chars_000.bmp,664
冲,U+51B2,1,chars_000.bmp,665
妆,U+5986,1,chars_000.bmp,666
冰,U+51B0,1,chars_000.bmp,667
庄,U+5E84,1,chars_000.bmp,668
庆,U+5E86,1,chars_000.bmp,669
亦,U+4EA6,1,chars_000.bmp,670
刘,U+5218,1,chars_000.bmp,671
齐,U+9F50,1,chars_000.bmp,672
交,U+4EA4,1,chars_000.bmp,673
次,U+6B21,1,chars_000.bmp,674
衣,U+8863,1,chars_000.bmp,675
产,U+4EA7,1,chars_000.bmp,676
决,U+51B3,1,chars_000.bmp,677
亥,U+4EA5,1,chars_000.bmp,678
邡,U+90A1,1,chars_000.bmp,679
充,U+5145,1,chars_000.bmp,680
妄,U+5984,1,chars_000.bmp,681
闭,U+95ED,1,chars_000.bmp,682
问,U+95EE,1,chars_000.bmp,683
闯,U+95EF,1,chars_000.bmp,684
羊,U+7F8A,1,chars_000.bmp,685
并,U+5E76,1,chars_000.bmp,686
关,U+5173,1,chars_000.bmp,687
米,U+7C73,1,chars_000.bmp,688
灯,U+706F,1,chars_000.bmp,689
州,U+5DDE,1,chars_000.bmp,690
汗,U+6C57,1,chars_000.bmp,691
污,U+6C61,1,chars_000.bmp,692
江,U+6C5F,1,chars_000.bmp,693
汕,U+6C55,1,chars_000.bmp,694
汔,U+6C54,1,chars_000.bmp,695
汲,U+6C72,1,chars_000.bmp,696
汐,U+6C50,1,chars_000.bmp,697
汛,U+6C5B,1,chars_000.bmp,698
汜,U+6C5C,1,chars_000.bmp,699
池,U+6C60,1,chars_000.bmp,700
汝,U+6C5D,1,chars_000.bmp,701
汤,U+6C64,1,chars_000.bmp,702
汊,U+6C4A,1,chars_000.bmp,703
忖,U+5FD6,1,chars_000.bmp,704
忏,U+5FCF,1,chars_000.bmp,705
忙,U+5FD9,1,chars_000.bmp,706
兴,U+5174,1,chars_000.bmp,707
宇,U+5B87,1,chars_000.bmp,708
守,U+5B88,1,chars_000.bmp,709
宅,U+5B85,1,chars_000.bmp,710
字,U+5B57,1,chars_000.bmp,711
安,U+5B89,1,chars_000.bmp,712
讲,U+8BB2,1,chars_000.bmp,713
讳,U+8BB3,1,chars_000.bmp,714
讴,U+8BB4,1,chars_000.bmp,715
军,U+519B,1,chars_000.bmp,716
讵,U+8BB5,1,chars_000.bmp,717
讶,U+8BB6,1,chars_000.bmp,718
祁,U+7941,1,chars_000.bmp,719
讷,U+8BB7,1,chars_000.bmp,720
许,U+8BB8,1,chars_000.bmp,721
讹,U+8BB9,1,chars_000.bmp,722
论,U+8BBA,1,chars_000.bmp,723
讼,U+8BBC,1,chars_000.bmp,724
农,U+519C,1,chars_000.bmp,725
讽,U+8BBD,1,chars_000.bmp,726
设,U+8BBE,1,chars_000.bmp,727
访,U+8BBF,1,chars_000.bmp,728
诀,U+8BC0,1,chars_000.bmp,729
聿,U+807F,1,chars_000.bmp,730
寻,U+5BFB,1,chars_000.bmp,731
那,U+90A3,1,chars_000.bmp,732
艮,U+826E,1,chars_000.bmp,733
厾,U+53BE,1,chars_000.bmp,734
迅,U+8FC5,1,chars_000.bmp,735
尽,U+5C3D,1,chars_000.bmp,736
导,U+5BFC,1,chars_000.bmp,737
异,U+5F02,1,chars_000.bmp,738
弛,U+5F1B,1,chars_000.bmp,739
阱,U+9631,1,chars_000.bmp,740
阮,U+962E,1,chars_000.bmp,741
孙,U+5B59,1,chars_000.bmp,742
阵,U+9635,1,chars_000.bmp,743
阳,U+9633,1,chars_000.bmp,744
收,U+6536,1,chars_000.bmp,745
阪,U+962A,1,chars_000.bmp,746
阶,U+9636,1,chars_000.bmp,747
阴,U+9634,1,chars_000.bmp,748
防,U+9632,1,chars_000.bmp,749
丞,U+4E1E,1,chars_000.bmp,750
奸,U+5978,1,chars_000.bmp,751
如,U+5982,1,chars_000.bmp,752
妁,U+5981,1,chars_000.bmp,753
妇,U+5987,1,chars_000.bmp,754
妃,U+5983,1,chars_000.bmp,755
好,U+597D,1,chars_000.bmp,756
她,U+5979,1,chars_000.bmp,757
妈,U+5988,1,chars_000.bmp,758
戏,U+620F,1,chars_000.bmp,759
羽,U+7FBD,1,chars_000.bmp,760
观,U+89C2,1,chars_000.bmp,761
牟,U+725F,1,chars_000.bmp,762
欢,U+6B22,1,chars_000.bmp,763
买,U+4E70,1,chars_000.bmp,764
纡,U+7EA1,1,chars_000.bmp,765
红,U+7EA2,1,chars_000.bmp,766
纣,U+7EA3,1,chars_000.bmp,767
驮,U+9A6E,1,chars_000.bmp,768
纤,U+7EA4,1,chars_000.bmp,769
纥,U+7EA5,1,chars_000.bmp,770
驯,U+9A6F,1,chars_000.bmp,771
纨,U+7EA8,1,chars_000.bmp,772
约,U+7EA6,1,chars_000.bmp,773
级,U+7EA7,1,chars_000.bmp,774
纩,U+7EA9,1,chars_000.bmp,775
纪,U+7EAA,1,chars_000.bmp,776
驰,U+9A70,1,chars_000.bmp,777
纫,U+7EAB,1,chars_000.bmp,778
巡,U+5DE1,1,chars_000.bmp,779
寿,U+5BFF,1,chars_000.bmp,780
玕,U+7395,1,chars_000.bmp,781
弄,U+5F04,1,chars_000.bmp,782
玙,U+7399,1,chars_000.bmp,783
麦,U+9EA6,1,chars_000.bmp,784
玖,U+7396,1,chars_000.bmp,785
玚,U+739A,1,chars_000.bmp,786
玛,U+739B,1,chars_000.bmp,787
形,U+5F62,1,chars_000.bmp,788
进,U+8FDB,1,chars_000.bmp,789
戒,U+6212,1,chars_000.bmp,790
吞,U+541E,1,chars_000.bmp,791
远,U+8FDC,1,chars_000.bmp,792
违,U+8FDD,1,chars_000.bmp,793
韧,U+97E7,1,chars_000.bmp,794
运,U+8FD0,1,chars_000.bmp,795
扶,U+6276,1,chars_000.bmp,796
抚,U+629A,1,chars_000.bmp,797
坛,U+575B,1,chars_000.bmp,798
抟,U+629F,1,chars_000.bmp,799
技,U+6280,1,chars_000.bmp,800
坏,U+574F,1,chars_000.bmp,801
抔,U+6294,1,chars_000.bmp,802
抠,U+62A0,1,chars_000.bmp,803
坜,U+575C,1,chars_000.bmp,804
扰,U+6270,1,chars_000.bmp,805
扼,U+627C,1,chars_000.bmp,806
拒,U+62D2,1,chars_000.bmp,807
找,U+627E,1,chars_000.bmp,808
批,U+6279,1,chars_000.bmp,809
扯,U+626F,1,chars_000.bmp,810
址,U+5740,1,chars_000.bmp,811
走,U+8D70,1,chars_000.bmp,812
抄,U+6284,1,chars_000.bmp,813
汞,U+6C5E,1,chars_000.bmp,814
坝,U+575D,1,chars_000.bmp,815
贡,U+8D21,1,chars_000.bmp,816
攻,U+653B,1,chars_000.bmp,817
赤,U+8D64,1,chars_000.bmp,818
圻,U+573B,1,chars_000.bmp,819
折,U+6298,1,chars_000.bmp,820
抓,U+6293,1,chars_000.bmp,821
扳,U+6273,1,chars_000.bmp,822
坂,U+5742,1,chars_000.bmp,823
抡,U+62A1,1,chars_000.bmp,824
扮,U+626E,1,chars_000.bmp,825
抢,U+62A2,1,chars_000.bmp,826
扺,U+627A,1,chars_000.bmp,827
孝,U+5B5D,1,chars_000.bmp,828
坎,U+574E,1,chars_000.bmp,829
坍,U+574D,1,chars_000.bmp,830
均,U+5747,1,chars_000.bmp,831
坞,U+575E,1,chars_000.bmp,832
抑,U+6291,1,chars_000.bmp,833
抛,U+629B,1,chars_000.bmp,834
投,U+6295,1,chars_000.bmp,835
抃,U+6283,1,chars_000.bmp,836
坟,U+575F,1,chars_000.bmp,837
坑,U+5751,1,chars_000.bmp,838
抗,U+6297,1,chars_000.bmp,839
坊,U+574A,1,chars_000.bmp,840
抖,U+6296,1,chars_000.bmp,841
护,U+62A4,1,chars_000.bmp,842
壳,U+58F3,1,chars_000.bmp,843
志,U+5FD7,1,chars_000.bmp,844
块,U+5757,1,chars_000.bmp,845
抉,U+6289,1,chars_000.bmp,846
扭,U+626D,1,chars_000.bmp,847
声,U+58F0,1,chars_000.bmp,848
把,U+628A,1,chars_000.bmp,849
报,U+62A5,1,chars_000.bmp,850
拟,U+62DF,1,chars_000.bmp,851
抒,U+6292,1,chars_000.bmp,852
却,U+5374,1,chars_000.bmp,853
劫,U+52AB,1,chars_000.bmp,854
毐,U+6BD0,1,chars_000.bmp,855
芙,U+8299,1,chars_000.bmp,856
芫,U+82AB,1,chars_000.bmp,857
芜,U+829C,1,chars_000.bmp,858
苇,U+82C7,1,chars_000.bmp,859
邯,U+90AF,1,chars_000.bmp,860
芸,U+82B8,1,chars_000.bmp,861
芾,U+82BE,1,chars_000.bmp,862
芰,U+82B0,1,chars_000.bmp,863
苈,U+82C8,1,chars_000.bmp,864
苊,U+82CA,1,chars_000.bmp,865
苣,U+82E3,1,chars_000.bmp,866
芽,U+82BD,1,chars_000.bmp,867
芷,U+82B7,1,chars_000.bmp,868
芮,U+82AE,1,chars_000.bmp,869
苋,U+82CB,1,chars_000.bmp,870
芼,U+82BC,1,chars_000.bmp,871
苌,U+82CC,1,chars_000.bmp,872
花,U+82B1,1,chars_000.bmp,873
芹,U+82B9,1,chars_000.bmp,874
芥,U+82A5,1,chars_000.bmp,875
苁,U+82C1,1,chars_000.bmp,876
芩,U+82A9,1,chars_000.bmp,877
芬,U+82AC,1,chars_000.bmp,878
苍,U+82CD,1,chars_000.bmp,879
芪,U+82AA,1,chars_000.bmp,880
芴,U+82B4,1,chars_000.bmp,881
芡,U+82A1,1,chars_000.bmp,882
芟,U+829F,1,chars_000.bmp,883
苄,U+82C4,1,chars_000.bmp,884
芳,U+82B3,1,chars_000.bmp,885
严,U+4E25,1,chars_000.bmp,886
苎,U+82CE,1,chars_000.bmp,887
芦,U+82A6,1,chars_000.bmp,888
芯,U+82AF,1,chars_000.bmp,889
劳,U+52B3,1,chars_000.bmp,890
克,U+514B,1,chars_000.bmp,891
芭,U+82AD,1,chars_000.bmp,892
苏,U+82CF,1,chars_000.bmp,893
苡,U+82E1,1,chars_000.bmp,894
杆,U+6746,1,chars_000.bmp,895
杜,U+675C,1,chars_000.bmp,896
杠,U+6760,1,chars_000.bmp,897
材,U+6750,1,chars_000.bmp,898
村,U+6751,1,chars_000.bmp,899
杖,U+6756,1,chars_000.bmp,900
杌,U+674C,1,chars_000.bmp,901
杏,U+674F,1,chars_000.bmp,902
杉,U+6749,1,chars_000.bmp,903
巫,U+5DEB,1,chars_000.bmp,904
杓,U+6753,1,chars_000.bmp,905
极,U+6781,1,chars_000.bmp,906
杧,U+6767,1,chars_000.bmp,907
杞,U+675E,1,chars_000.bmp,908
李,U+674E,1,chars_000.bmp,909
杨,U+6768,1,chars_000.bmp,910
杈,U+6748,1,chars_000.bmp,911
求,U+6C42,1,chars_000.bmp,912
忑,U+5FD1,1,chars_000.bmp,913
孛,U+5B5B,1,chars_000.bmp,914
甫,U+752B,1,chars_000.bmp,915
匣,U+5323,1,chars_000.bmp,916
更,U+66F4,1,chars_000.bmp,917
束,U+675F,1,chars_000.bmp,918
吾,U+543E,1,chars_000.bmp,919
豆,U+8C46,1,chars_000.bmp,920
两,U+4E24,1,chars_000.bmp,921
邴,U+90B4,1,chars_000.bmp,922
酉,U+9149,1,chars_000.bmp,923
丽,U+4E3D,1,chars_000.bmp,924
医,U+533B,1,chars_000.bmp,925
辰,U+8FB0,1,chars_000.bmp,926
励,U+52B1,1,chars_000.bmp,927
邳,U+90B3,1,chars_000.bmp,928
否,U+5426,1,chars_000.bmp,929
还,U+8FD8,1,chars_000.bmp,930
矶,U+77F6,1,chars_000.bmp,931
奁,U+5941,1,chars_000.bmp,932
豕,U+8C55,1,chars_000.bmp,933
尬,U+5C2C,1,chars_000.bmp,934
歼,U+6B7C,1,chars_000.bmp,935
来,U+6765,1,chars_000.bmp,936
忒,U+5FD2,1,chars_000.bmp,937
连,U+8FDE,1,chars_000.bmp,938
欤,U+6B24,1,chars_000.bmp,939
轩,U+8F69,1,chars_000.bmp,940
轪,U+8F6A,1,chars_000.bmp,941
轫,U+8F6B,1,chars_000.bmp,942
迓,U+8FD3,1,chars_000.bmp,943
邶,U+90B6,1,chars_000.bmp,944
忐,U+5FD0,1,chars_000.bmp,945
芈,U+8288,1,chars_000.bmp,946
步,U+6B65,1,chars_000.bmp,947
卤,U+5364,1,chars_000.bmp,948
卣,U+5363,1,chars_000.bmp,949
邺,U+90BA,1,chars_000.bmp,950
坚,U+575A,1,chars_000.bmp,951
肖,U+8096,1,chars_000.bmp,952
旰,U+65F0,1,chars_000.bmp,953
旱,U+65F1,1,chars_000.bmp,954
盯,U+76EF,1,chars_000.bmp,955
呈,U+5448,1,chars_000.bmp,956
时,U+65F6,1,chars_000.bmp,957
吴,U+5434,1,chars_000.bmp,958
呋,U+544B,1,chars_000.bmp,959
助,U+52A9,1,chars_000.bmp,960
县,U+53BF,1,chars_000.bmp,961
里,U+91CC,1,chars_000.bmp,962
呓,U+5453,1,chars_000.bmp,963
呆,U+5446,1,chars_000.bmp,964
吱,U+5431,1,chars_000.bmp,965
吠,U+5420,1,chars_000.bmp,966
呔,U+5454,1,chars_000.bmp,967
呕,U+5455,1,chars_000.bmp,968
园,U+56ED,1,chars_000.bmp,969
呖,U+5456,1,chars_000.bmp,970
呃,U+5443,1,chars_000.bmp,971
旷,U+65F7,1,chars_000.bmp,972
围,U+56F4,1,chars_000.bmp,973
呀,U+5440,1,chars_000.bmp,974
吨,U+5428,1,chars_000.bmp,975
旸,U+65F8,1,chars_000.bmp,976
吡,U+5421,1,chars_000.bmp,977
町,U+753A,1,chars_000.bmp,978
足,U+8DB3,1,chars_000.bmp,979
虬,U+866C,1,chars_000.bmp,980
邮,U+90AE,1,chars_000.bmp,981
男,U+7537,1,chars_000.bmp,982
困,U+56F0,1,chars_000.bmp,983
吵,U+5435,1,chars_000.bmp,984
串,U+4E32,1,chars_000.bmp,985
呙,U+5459,1,chars_000.bmp,986
呐,U+5450,1,chars_000.bmp,987
呗,U+5457,1,chars_000.bmp,988
员,U+5458,1,chars_000.bmp,989
听,U+542C,1,chars_000.bmp,990
吟,U+541F,1,chars_000.bmp,991
吩,U+5429,1,chars_000.bmp,992
呛,U+545B,1,chars_000.bmp,993
吻,U+543B,1,chars_000.bmp,994
吹,U+5439,1,chars_000.bmp,995
呜,U+545C,1,chars_000.bmp,996
吭,U+542D,1,chars_000.bmp,997
吣,U+5423,1,chars_000.bmp,998
吲,U+5432,1,chars_000.bmp,999
吼,U+543C,1,chars_000.bmp,1000
邑,U+9091,1,chars_000.bmp,1001
吧,U+5427,1,chars_000.bmp,1002
囤,U+56E4,1,chars_000.bmp,1003
别,U+522B,1,chars_000.bmp,1004
吮,U+542E,1,chars_000.bmp,1005
岍,U+5C8D,1,chars_000.bmp,1006
帏,U+5E0F,1,chars_000.bmp,1007
岐,U+5C90,1,chars_000.bmp,1008
岖,U+5C96,1,chars_000.bmp,1009
岈,U+5C88,1,chars_000.bmp,1010
岗,U+5C97,1,chars_000.bmp,1011
岘,U+5C98,1,chars_000.bmp,1012
帐,U+5E10,1,chars_000.bmp,1013
岑,U+5C91,1,chars_000.bmp,1014
岚,U+5C9A,1,chars_000.bmp,1015
兕,U+5155,1,chars_000.bmp,1016
财,U+8D22,1,chars_000.bmp,1017
囵,U+56F5,1,chars_000.bmp,1018
囫,U+56EB,1,chars_000.bmp,1019
钉,U+9489,1,chars_000.bmp,1020
针,U+9488,1,chars_000.bmp,1021
钊,U+948A,1,chars_000.bmp,1022
钋,U+948B,1,chars_000.bmp,1023
钌,U+948C,1,chars_000.bmp,1024
迕,U+8FD5,1,chars_000.bmp,1025
氙,U+6C19,1,chars_000.bmp,1026
氚,U+6C1A,1,chars_000.bmp,1027
牡,U+7261,1,chars_000.bmp,1028
告,U+544A,1,chars_000.bmp,1029
我,U+6211,1,chars_000.bmp,1030
乱,U+4E71,1,chars_000.bmp,1031
利,U+5229,1,chars_000.bmp,1032
秃,U+79C3,1,chars_000.bmp,1033
秀,U+79C0,1,chars_000.bmp,1034
私,U+79C1,1,chars_000.bmp,1035
岙,U+5C99,1,chars_000.bmp,1036
每,U+6BCF,1,chars_000.bmp,1037
佞,U+4F5E,1,chars_000.bmp,1038
兵,U+5175,1,chars_000.bmp,1039
邱,U+90B1,1,chars_000.bmp,1040
估,U+4F30,1,chars_000.bmp,1041
体,U+4F53,1,chars_000.bmp,1042
何,U+4F55,1,chars_000.bmp,1043
佐,U+4F50,1,chars_000.bmp,1044
伾,U+4F3E,1,chars_000.bmp,1045
佑,U+4F51,1,chars_000.bmp,1046
攸,U+6538,1,chars_000.bmp,1047
但,U+4F46,1,chars_000.bmp,1048
伸,U+4F38,1,chars_000.bmp,1049
佃,U+4F43,1,chars_000.bmp,1050
佚,U+4F5A,1,chars_000.bmp,1051
作,U+4F5C,1,chars_000.bmp,1052
伯,U+4F2F,1,chars_000.bmp,1053
伶,U+4F36,1,chars_000.bmp,1054
佣,U+4F63,1,chars_000.bmp,1055
低,U+4F4E,1,chars_000.bmp,1056
你,U+4F60,1,chars_000.bmp,1057
佝,U+4F5D,1,chars_000.bmp,1058
佟,U+4F5F,1,chars_000.bmp,1059
住,U+4F4F,1,chars_000.bmp,1060
位,U+4F4D,1,chars_000.bmp,1061
伴,U+4F34,1,chars_000.bmp,1062
佗,U+4F57,1,chars_000.bmp,1063
身,U+8EAB,1,chars_000.bmp,1064
皂,U+7682,1,chars_000.bmp,1065
伺,U+4F3A,1,chars_000.bmp,1066
佛,U+4F5B,1,chars_000.bmp,1067
伽,U+4F3D,1,chars_000.bmp,1068
囱,U+56F1,1,chars_000.bmp,1069
近,U+8FD1,1,chars_000.bmp,1070
彻,U+5F7B,1,chars_000.bmp,1071
役,U+5F79,1,chars_000.bmp,1072
彷,U+5F77,1,chars_000.bmp,1073
返,U+8FD4,1,chars_000.bmp,1074
余,U+4F59,1,chars_000.bmp,1075
希,U+5E0C,1,chars_000.bmp,1076
佥,U+4F65,1,chars_000.bmp,1077
坐,U+5750,1,chars_000.bmp,1078
谷,U+8C37,1,chars_000.bmp,1079
孚,U+5B5A,1,chars_000.bmp,1080
妥,U+59A5,1,chars_000.bmp,1081
豸,U+8C78,1,chars_000.bmp,1082
含,U+542B,1,chars_000.bmp,1083
邻,U+90BB,1,chars_000.bmp,1084
坌,U+574C,1,chars_000.bmp,1085
岔,U+5C94,1,chars_000.bmp,1086
肝,U+809D,1,chars_000.bmp,1087
肟,U+809F,1,chars_000.bmp,1088
肛,U+809B,1,chars_000.bmp,1089
肚,U+809A,1,chars_000.bmp,1090
肘,U+8098,1,chars_000.bmp,1091
肠,U+80A0,1,chars_000.bmp,1092
邸,U+90B8,1,chars_000.bmp,1093
龟,U+9F9F,1,chars_000.bmp,1094
甸,U+7538,1,chars_000.bmp,1095
奂,U+5942,1,chars_000.bmp,1096
免,U+514D,1,chars_000.bmp,1097
劬,U+52AC,1,chars_000.bmp,1098
狂,U+72C2,1,chars_000.bmp,1099
犹,U+72B9,1,chars_000.bmp,1100
狈,U+72C8,1,chars_000.bmp,1101
狄,U+72C4,1,chars_000.bmp,1102
角,U+89D2,1,chars_000.bmp,1103
删,U+5220,1,chars_000.bmp,1104
狃,U+72C3,1,chars_000.bmp,1105
狁,U+72C1,1,chars_000.bmp,1106
鸠,U+9E20,1,chars_000.bmp,1107
条,U+6761,1,chars_000.bmp,1108
彤,U+5F64,1,chars_000.bmp,1109
卵,U+5375,1,chars_000.bmp,1110
灸,U+7078,1,chars_000.bmp,1111
岛,U+5C9B,1,chars_000.bmp,1112
邹,U+90B9,1,chars_000.bmp,1113
刨,U+5228,1,chars_000.bmp,1114
饨,U+9968,1,chars_000.bmp,1115
迎,U+8FCE,1,chars_000.bmp,1116
饩,U+9969,1,chars_000.bmp,1117
饪,U+996A,1,chars_000.bmp,1118
饫,U+996B,1,chars_000.bmp,1119
饬,U+996C,1,chars_000.bmp,1120
饭,U+996D,1,chars_000.bmp,1121
饮,U+996E,1,chars_000.bmp,1122
系,U+7CFB,1,chars_000.bmp,1123
言,U+8A00,1,chars_000.bmp,1124
冻,U+51BB,1,chars_000.bmp,1125
状,U+72B6,1,chars_000.bmp,1126
亩,U+4EA9,1,chars_000.bmp,1127
况,U+51B5,1,chars_000.bmp,1128
亨,U+4EA8,1,chars_000.bmp,1129
庑,U+5E91,1,chars_000.bmp,1130
床,U+5E8A,1,chars_000.bmp,1131
庋,U+5E8B,1,chars_000.bmp,1132
库,U+5E93,1,chars_000.bmp,1133
庇,U+5E87,1,chars_000.bmp,1134
疔,U+7594,1,chars_000.bmp,1135
疖,U+7596,1,chars_000.bmp,1136
疗,U+7597,1,chars_000.bmp,1137
吝,U+541D,1,chars_000.bmp,1138
应,U+5E94,1,chars_000.bmp,1139
冷,U+51B7,1,chars_000.bmp,1140
这,U+8FD9,1,chars_000.bmp,1141
庐,U+5E90,1,chars_000.bmp,1142
序,U+5E8F,1,chars_000.bmp,1143
辛,U+8F9B,1,chars_000.bmp,1144
肓,U+8093,1,chars_000.bmp,1145
弃,U+5F03,1,chars_000.bmp,1146
冶,U+51B6,1,chars_000.bmp,1147
忘,U+5FD8,1,chars_000.bmp,1148
闰,U+95F0,1,chars_000.bmp,1149
闱,U+95F1,1,chars_000.bmp,1150
闲,U+95F2,1,chars_000.bmp,1151
闳,U+95F3,1,chars_000.bmp,1152
间,U+95F4,1,chars_000.bmp,1153
闵,U+95F5,1,chars_000.bmp,1154
闶,U+95F6,1,chars_000.bmp,1155
闷,U+95F7,1,chars_000.bmp,1156
羌,U+7F8C,1,chars_000.bmp,1157
判,U+5224,1,chars_000.bmp,1158
兑,U+5151,1,chars_000.bmp,1159
灶,U+7076,1,chars_000.bmp,1160
灿,U+707F,1,chars_000.bmp,1161
灼,U+707C,1,chars_000.bmp,1162
炀,U+7080,1,chars_000.bmp,1163
弟,U+5F1F,1,chars_000.bmp,1164
沣,U+6CA3,1,chars_000.bmp,1165
汪,U+6C6A,1,chars_000.bmp,1166
沅,U+6C85,1,chars_000.bmp,1167
沄,U+6C84,1,chars_000.bmp,1168
沐,U+6C90,1,chars_000.bmp,1169
沛,U+6C9B,1,chars_000.bmp,1170
沔,U+6C94,1,chars_000.bmp,1171
汰,U+6C70,1,chars_000.bmp,1172
沤,U+6CA4,1,chars_000.bmp,1173
沥,U+6CA5,1,chars_000.bmp,1174
沌,U+6C8C,1,chars_000.bmp,1175
沘,U+6C98,1,chars_000.bmp,1176
沏,U+6C8F,1,chars_000.bmp,1177
沚,U+6C9A,1,chars_000.bmp,1178
沙,U+6C99,1,chars_000.bmp,1179
汩,U+6C69,1,chars_000.bmp,1180
汨,U+6C68,1,chars_000.bmp,1181
汭,U+6C6D,1,chars_000.bmp,1182
汽,U+6C7D,1,chars_000.bmp,1183
沃,U+6C83,1,chars_000.bmp,1184
沂,U+6C82,1,chars_000.bmp,1185
沦,U+6CA6,1,chars_000.bmp,1186
汹,U+6C79,1,chars_000.bmp,1187
汾,U+6C7E,1,chars_000.bmp,1188
泛,U+6CDB,1,chars_000.bmp,1189
沧,U+6CA7,1,chars_000.bmp,1190
沨,U+6CA8,1,chars_000.bmp,1191
沟,U+6C9F,1,chars_000.bmp,1192
没,U+6CA1,1,chars_000.bmp,1193
汴,U+6C74,1,chars_000.bmp,1194
汶,U+6C76,1,chars_000.bmp,1195
沆,U+6C86,1,chars_000.bmp,1196
沩,U+6CA9,1,chars_000.bmp,1197
沪,U+6CAA,1,chars_000.bmp,1198
沈,U+6C88,1,chars_000.bmp,1199
沉,U+6C89,1,chars_000.bmp,1200
沁,U+6C81,1,chars_000.bmp,1201
泐,U+6CD0,1,chars_000.bmp,1202
怃,U+6003,1,chars_000.bmp,1203
忮,U+5FEE,1,chars_000.bmp,1204
怀,U+6000,1,chars_000.bmp,1205
怄,U+6004,1,chars_000.bmp,1206
忧,U+5FE7,1,chars_000.bmp,1207
忡,U+5FE1,1,chars_000.bmp,1208
忤,U+5FE4,1,chars_000.bmp,1209
忾,U+5FFE,1,chars_000.bmp,1210
怅,U+6005,1,chars_000.bmp,1211
忻,U+5FFB,1,chars_000.bmp,1212
忪,U+5FEA,1,chars_000.bmp,1213
怆,U+6006,1,chars_000.bmp,1214
忭,U+5FED,1,chars_000.bmp,1215
忱,U+5FF1,1,chars_000.bmp,1216
快,U+5FEB,1,chars_000.bmp,1217
忸,U+5FF8,1,chars_000.bmp,1218
完,U+5B8C,1,chars_000.bmp,1219
宋,U+5B8B,1,chars_000.bmp,1220
宏,U+5B8F,1,chars_000.bmp,1221
牢,U+7262,1,chars_000.bmp,1222
究,U+7A76,1,chars_000.bmp,1223
穷,U+7A77,1,chars_000.bmp,1224
灾,U+707E,1,chars_000.bmp,1225
良,U+826F,1,chars_000.bmp,1226
证,U+8BC1,1,chars_000.bmp,1227
诂,U+8BC2,1,chars_000.bmp,1228
诃,U+8BC3,1,chars_000.bmp,1229
启,U+542F,1,chars_000.bmp,1230
评,U+8BC4,1,chars_000.bmp,1231
补,U+8865,1,chars_000.bmp,1232
初,U+521D,1,chars_000.bmp,1233
社,U+793E,1,chars_000.bmp,1234
祀,U+7940,1,chars_000.bmp,1235
祃,U+7943,1,chars_000.bmp,1236
诅,U+8BC5,1,chars_000.bmp,1237
识,U+8BC6,1,chars_000.bmp,1238
诈,U+8BC8,1,chars_000.bmp,1239
诉,U+8BC9,1,chars_000.bmp,1240
罕,U+7F55,1,chars_000.bmp,1241
诊,U+8BCA,1,chars_000.bmp,1242
诋,U+8BCB,1,chars_000.bmp,1243
诌,U+8BCC,1,chars_000.bmp,1244
词,U+8BCD,1,chars_000.bmp,1245
诎,U+8BCE,1,chars_000.bmp,1246
诏,U+8BCF,1,chars_000.bmp,1247
诐,U+8BD0,1,chars_000.bmp,1248
译,U+8BD1,1,chars_000.bmp,1249
诒,U+8BD2,1,chars_000.bmp,1250
君,U+541B,1,chars_000.bmp,1251
灵,U+7075,1,chars_000.bmp,1252
即,U+5373,1,chars_000.bmp,1253
层,U+5C42,1,chars_000.bmp,1254
屁,U+5C41,1,chars_000.bmp,1255
屃,U+5C43,1,chars_000.bmp,1256
尿,U+5C3F,1,chars_000.bmp,1257
尾,U+5C3E,1,chars_000.bmp,1258
迟,U+8FDF,1,chars_000.bmp,1259
局,U+5C40,1,chars_000.bmp,1260
改,U+6539,1,chars_000.bmp,1261
张,U+5F20,1,chars_000.bmp,1262
忌,U+5FCC,1,chars_000.bmp,1263
际,U+9645,1,chars_000.bmp,1264
陆,U+9646,1,chars_000.bmp,1265
阿,U+963F,1,chars_000.bmp,1266
孜,U+5B5C,1,chars_000.bmp,1267
陇,U+9647,1,chars_000.bmp,1268
陈,U+9648,1,chars_000.bmp,1269
阽,U+963D,1,chars_000.bmp,1270
阻,U+963B,1,chars_000.bmp,1271
阼,U+963C,1,chars_000.bmp,1272
附,U+9644,1,chars_000.bmp,1273
坠,U+5760,1,chars_000.bmp,1274
陀,U+9640,1,chars_000.bmp,1275
陂,U+9642,1,chars_000.bmp,1276
陉,U+9649,1,chars_000.bmp,1277
妍,U+598D,1,chars_000.bmp,1278
妩,U+59A9,1,chars_000.bmp,1279
妓,U+5993,1,chars_000.bmp,1280
妪,U+59AA,1,chars_000.bmp,1281
妣,U+59A3,1,chars_000.bmp,1282
妙,U+5999,1,chars_000.bmp,1283
妊,U+598A,1,chars_000.bmp,1284
妖,U+5996,1,chars_000.bmp,1285
妗,U+5997,1,chars_000.bmp,1286
姊,U+59CA,1,chars_000.bmp,1287
妨,U+59A8,1,chars_000.bmp,1288
妫,U+59AB,1,chars_000.bmp,1289
妒,U+5992,1,chars_000.bmp,1290
妞,U+599E,1,chars_000.bmp,1291
姒,U+59D2,1,chars_000.bmp,1292
妤,U+59A4,1,chars_000.bmp,1293
努,U+52AA,1,chars_000.bmp,1294
邵,U+90B5,1,chars_000.bmp,1295
劭,U+52AD,1,chars_000.bmp,1296
忍,U+5FCD,1,chars_000.bmp,1297
刭,U+522D,1,chars_000.bmp,1298
劲,U+52B2,1,chars_000.bmp,1299
甬,U+752C,1,chars_000.bmp,1300
邰,U+90B0,1,chars_000.bmp,1301
矣,U+77E3,1,chars_000.bmp,1302
鸡,U+9E21,1,chars_000.bmp,1303
纬,U+7EAC,1,chars_000.bmp,1304
纭,U+7EAD,1,chars_000.bmp,1305
驱,U+9A71,1,chars_000.bmp,1306
纯,U+7EAF,1,chars_000.bmp,1307
纰,U+7EB0,1,chars_000.bmp,1308
纱,U+7EB1,1,chars_000.bmp,1309
纲,U+7EB2,1,chars_000.bmp,1310
纳,U+7EB3,1,chars_000.bmp,1311
纴,U+7EB4,1,chars_000.bmp,1312
纵,U+7EB5,1,chars_000.bmp,1313
驳,U+9A73,1,chars_000.bmp,1314
纶,U+7EB6,1,chars_000.bmp,1315
纷,U+7EB7,1,chars_000.bmp,1316
纸,U+7EB8,1,chars_000.bmp,1317
纹,U+7EB9,1,chars_000.bmp,1318
纺,U+7EBA,1,chars_000.bmp,1319
纻,U+7EBB,1,chars_000.bmp,1320
驴,U+9A74,1,chars_000.bmp,1321
纽,U+7EBD,1,chars_000.bmp,1322
纾,U+7EBE,1,chars_000.bmp,1323
奉,U+5949,1,chars_000.bmp,1324
玩,U+73A9,1,chars_000.bmp,1325
玮,U+73AE,1,chars_000.bmp,1326
环,U+73AF,1,chars_000.bmp,1327
玡,U+73A1,1,chars_000.bmp,1328
武,U+6B66,1,chars_000.bmp,1329
青,U+9752,1,chars_000.bmp,1330
责,U+8D23,1,chars_000.bmp,1331
现,U+73B0,1,chars_000.bmp,1332
玫,U+73AB,1,chars_000.bmp,1333
玠,U+73A0,1,chars_000.bmp,1334
玢,U+73A2,1,chars_000.bmp,1335
玥,U+73A5,1,chars_000.bmp,1336
表,U+8868,1,chars_000.bmp,1337
玦,U+73A6,1,chars_000.bmp,1338
甙,U+7519,1,chars_000.bmp,1339
盂,U+76C2,1,chars_000.bmp,1340
忝,U+5FDD,1,chars_000.bmp,1341
规,U+89C4,1,chars_000.bmp,1342
匦,U+5326,1,chars_000.bmp,1343
抹,U+62B9,1,chars_000.bmp,1344
卦,U+5366,1,chars_000.bmp,1345
邽,U+90BD,1,chars_000.bmp,1346
坩,U+5769,1,chars_000.bmp,1347
坷,U+5777,1,chars_000.bmp,1348
坯,U+576F,1,chars_000.bmp,1349
拓,U+62D3,1,chars_000.bmp,1350
垅,U+5785,1,chars_000.bmp,1351
拢,U+62E2,1,chars_000.bmp,1352
拔,U+62D4,1,chars_000.bmp,1353
抨,U+62A8,1,chars_000.bmp,1354
坪,U+576A,1,chars_000.bmp,1355
拣,U+62E3,1,chars_000.bmp,1356
拤,U+62E4,1,chars_000.bmp,1357
拈,U+62C8,1,chars_000.bmp,1358
坫,U+576B,1,chars_000.bmp,1359
垆,U+5786,1,chars_000.bmp,1360
坦,U+5766,1,chars_000.bmp,1361
担,U+62C5,1,chars_000.bmp,1362
坤,U+5764,1,chars_000.bmp,1363
押,U+62BC,1,chars_000.bmp,1364
抻,U+62BB,1,chars_000.bmp,1365
抽,U+62BD,1,chars_000.bmp,1366
拐,U+62D0,1,chars_000.bmp,1367
拃,U+62C3,1,chars_000.bmp,1368
拖,U+62D6,1,chars_000.bmp,1369
拊,U+62CA,1,chars_000.bmp,1370
者,U+8005,1,chars_000.bmp,1371
拍,U+62CD,1,chars_000.bmp,1372
顶,U+9876,1,chars_000.bmp,1373
坼,U+577C,1,chars_000.bmp,1374
拆,U+62C6,1,chars_000.bmp,1375
拎,U+62CE,1,chars_000.bmp,1376
拥,U+62E5,1,chars_000.bmp,1377
抵,U+62B5,1,chars_000.bmp,1378
坻,U+577B,1,chars_000.bmp,1379
拘,U+62D8,1,chars_000.bmp,1380
势,U+52BF,1,chars_000.bmp,1381
抱,U+62B1,1,chars_000.bmp,1382
拄,U+62C4,1,chars_000.bmp,1383
垃,U+5783,1,chars_000.bmp,1384
拉,U+62C9,1,chars_000.bmp,1385
拦,U+62E6,1,chars_000.bmp,1386
幸,U+5E78,1,chars_000.bmp,1387
拌,U+62CC,1,chars_000.bmp,1388
拧,U+62E7,1,chars_000.bmp,1389
坨,U+5768,1,chars_000.bmp,1390
坭,U+576D,1,chars_000.bmp,1391
抿,U+62BF,1,chars_000.bmp,1392
拂,U+62C2,1,chars_000.bmp,1393
拙,U+62D9,1,chars_000.bmp,1394
招,U+62DB,1,chars_000.bmp,1395
坡,U+5761,1,chars_000.bmp,1396
披,U+62AB,1,chars_000.bmp,1397
拨,U+62E8,1,chars_000.bmp,1398
择,U+62E9,1,chars_000.bmp,1399
拚,U+62DA,1,chars_000.bmp,1400
抬,U+62AC,1,chars_000.bmp,1401
拇,U+62C7,1,chars_000.bmp,1402
坳,U+5773,1,chars_000.bmp,1403
拗,U+62D7,1,chars_000.bmp,1404
耵,U+8035,1,chars_000.bmp,1405
其,U+5176,1,chars_000.bmp,1406
耶,U+8036,1,chars_000.bmp,1407
取,U+53D6,1,chars_000.bmp,1408
茉,U+8309,1,chars_000.bmp,1409
苷,U+82F7,1,chars_000.bmp,1410
苦,U+82E6,1,chars_000.bmp,1411
苯,U+82EF,1,chars_000.bmp,1412
昔,U+6614,1,chars_000.bmp,1413
苛,U+82DB,1,chars_000.bmp,1414
苤,U+82E4,1,chars_000.bmp,1415
若,U+82E5,1,chars_000.bmp,1416
茂,U+8302,1,chars_000.bmp,1417
茏,U+830F,1,chars_000.bmp,1418
苹,U+82F9,1,chars_000.bmp,1419
苫,U+82EB,1,chars_000.bmp,1420
苴,U+82F4,1,chars_000.bmp,1421
苜,U+82DC,1,chars_000.bmp,1422
苗,U+82D7,1,chars_000.bmp,1423
英,U+82F1,1,chars_000.bmp,1424
苒,U+82D2,1,chars_000.bmp,1425
苘,U+82D8,1,chars_000.bmp,1426
茌,U+830C,1,chars_000.bmp,1427
苻,U+82FB,1,chars_000.bmp,1428
苓,U+82D3,1,chars_000.bmp,1429
茚,U+831A,1,chars_000.bmp,1430
苟,U+82DF,1,chars_000.bmp,1431
茆,U+8306,1,chars_000.bmp,1432
茑,U+8311,1,chars_000.bmp,1433
苑,U+82D1,1,chars_000.bmp,1434
苞,U+82DE,1,chars_000.bmp,1435
范,U+8303,1,chars_000.bmp,1436
茓,U+8313,1,chars_000.bmp,1437
茔,U+8314,1,chars_000.bmp,1438
茕,U+8315,1,chars_000.bmp,1439
直,U+76F4,1,chars_000.bmp,1440
苠,U+82E0,1,chars_000.bmp,1441
茀,U+8300,1,chars_000.bmp,1442
茁,U+8301,1,chars_000.bmp,1443
茄,U+8304,1,chars_000.bmp,1444
苕,U+82D5,1,chars_000.bmp,1445
茎,U+830E,1,chars_000.bmp,1446
苔,U+82D4,1,chars_000.bmp,1447
茅,U+8305,1,chars_000.bmp,1448
枉,U+6789,1,chars_000.bmp,1449
林,U+6797,1,chars_000.bmp,1450
枝,U+679D,1,chars_000.bmp,1451
杯,U+676F,1,chars_000.bmp,1452
枢,U+67A2,1,chars_000.bmp,1453
枥,U+67A5,1,chars_000.bmp,1454
柜,U+67DC,1,chars_000.bmp,1455
枇,U+6787,1,chars_000.bmp,1456
杪,U+676A,1,chars_000.bmp,1457
杳,U+6773,1,chars_000.bmp,1458
枘,U+6798,1,chars_000.bmp,1459
枧,U+67A7,1,chars_000.bmp,1460
杵,U+6775,1,chars_000.bmp,1461
枚,U+679A,1,chars_000.bmp,1462
枨,U+67A8,1,chars_000.bmp,1463
析,U+6790,1,chars_000.bmp,1464
板,U+677F,1,chars_000.bmp,1465
枞,U+679E,1,chars_000.bmp,1466
松,U+677E,1,chars_000.bmp,1467
枪,U+67AA,1,chars_000.bmp,1468
枫,U+67AB,1,chars_000.bmp,1469
构,U+6784,1,chars_000.bmp,1470
杭,U+676D,1,chars_000.bmp,1471
枋,U+678B,1,chars_000.bmp,1472
杰,U+6770,1,chars_000.bmp,1473
述,U+8FF0,1,chars_000.bmp,1474
枕,U+6795,1,chars_000.bmp,1475
杻,U+677B,1,chars_000.bmp,1476
杷,U+6777,1,chars_000.bmp,1477
杼,U+677C,1,chars_000.bmp,1478
丧,U+4E27,1,chars_000.bmp,1479
或,U+6216,1,chars_000.bmp,1480
画,U+753B,1,chars_000.bmp,1481
卧,U+5367,1,chars_000.bmp,1482
事,U+4E8B,1,chars_000.bmp,1483
刺,U+523A,1,chars_000.bmp,1484
枣,U+67A3,1,chars_000.bmp,1485
雨,U+96E8,1,chars_000.bmp,1486
卖,U+5356,1,chars_000.bmp,1487
矸,U+77F8,1,chars_000.bmp,1488
郁,U+90C1,1,chars_000.bmp,1489
矻,U+77FB,1,chars_000.bmp,1490
矾,U+77FE,1,chars_000.bmp,1491
矽,U+77FD,1,chars_000.bmp,1492
矿,U+77FF,1,chars_000.bmp,1493
砀,U+7800,1,chars_000.bmp,1494
码,U+7801,1,chars_000.bmp,1495
厕,U+5395,1,chars_000.bmp,1496
奈,U+5948,1,chars_000.bmp,1497
刳,U+5233,1,chars_000.bmp,1498
奔,U+5954,1,chars_000.bmp,1499
奇,U+5947,1,chars_000.bmp,1500
奄,U+5944,1,chars_000.bmp,1501
奋,U+594B,1,chars_000.bmp,1502
态,U+6001,1,chars_000.bmp,1503
瓯,U+74EF,1,chars_000.bmp,1504
欧,U+6B27,1,chars_000.bmp,1505
殴,U+6BB4,1,chars_000.bmp,1506
垄,U+5784,1,chars_000.bmp,1507
殁,U+6B81,1,chars_000.bmp,1508
郏,U+90CF,1,chars_000.bmp,1509
妻,U+59BB,1,chars_000.bmp,1510
轰,U+8F70,1,chars_000.bmp,1511
顷,U+9877,1,chars_000.bmp,1512
转,U+8F6C,1,chars_000.bmp,1513
轭,U+8F6D,1,chars_000.bmp,1514
斩,U+65A9,1,chars_000.bmp,1515
轮,U+8F6E,1,chars_000.bmp,1516
软,U+8F6F,1,chars_000.bmp,1517
到,U+5230,1,chars_000.bmp,1518
郅,U+90C5,1,chars_000.bmp,1519
鸢,U+9E22,1,chars_000.bmp,1520
非,U+975E,1,chars_000.bmp,1521
叔,U+53D4,1,chars_000.bmp,1522
歧,U+6B67,1,chars_000.bmp,1523
肯,U+80AF,1,chars_000.bmp,1524
齿,U+9F7F,1,chars_000.bmp,1525
些,U+4E9B,1,chars_000.bmp,1526
卓,U+5353,1,chars_000.bmp,1527
虎,U+864E,1,chars_000.bmp,1528
虏,U+864F,1,chars_000.bmp,1529
肾,U+80BE,1,chars_000.bmp,1530
贤,U+8D24,1,chars_000.bmp,1531
尚,U+5C1A,1,chars_000.bmp,1532
盱,U+76F1,1,chars_000.bmp,1533
旺,U+65FA,1,chars_000.bmp,1534
具,U+5177,1,chars_000.bmp,1535
昊,U+660A,1,chars_000.bmp,1536
昙,U+6619,1,chars_000.bmp,1537
果,U+679C,1,chars_000.bmp,1538
味,U+5473,1,chars_000.bmp,1539
杲,U+6772,1,chars_000.bmp,1540
昃,U+6603,1,chars_000.bmp,1541
昆,U+6606,1,chars_000.bmp,1542
国,U+56FD,1,chars_000.bmp,1543
哎,U+54CE,1,chars_000.bmp,1544
咕,U+5495,1,chars_000.bmp,1545
昌,U+660C,1,chars_000.bmp,1546
呵,U+5475,1,chars_000.bmp,1547
咂,U+5482,1,chars_000.bmp,1548
畅,U+7545,1,chars_000.bmp,1549
呸,U+5478,1,chars_000.bmp,1550
昕,U+6615,1,chars_000.bmp,1551
明,U+660E,1,chars_000.bmp,1552
易,U+6613,1,chars_000.bmp,1553
咙,U+5499,1,chars_000.bmp,1554
昀,U+6600,1,chars_000.bmp,1555
昂,U+6602,1,chars_000.bmp,1556
旻,U+65FB,1,chars_000.bmp,1557
昉,U+6609,1,chars_000.bmp,1558
炅,U+7085,1,chars_000.bmp,1559
咔,U+5494,1,chars_000.bmp,1560
畀,U+7540,1,chars_000.bmp,1561
虮,U+866E,1,chars_000.bmp,1562
迪,U+8FEA,1,chars_000.bmp,1563
典,U+5178,1,chars_000.bmp,1564
固,U+56FA,1,chars_000.bmp,1565
忠,U+5FE0,1,chars_000.bmp,1566
咀,U+5480,1,chars_000.bmp,1567
呷,U+5477,1,chars_000.bmp,1568
呻,U+547B,1,chars_000.bmp,1569
黾,U+9EFE,1,chars_000.bmp,1570
咒,U+5492,1,chars_000.bmp,1571
咋,U+548B,1,chars_000.bmp,1572
咐,U+5490,1,chars_000.bmp,1573
呱,U+5471,1,chars_000.bmp,1574
呼,U+547C,1,chars_000.bmp,1575
呤,U+5464,1,chars_000.bmp,1576
咚,U+549A,1,chars_000.bmp,1577
鸣,U+9E23,1,chars_000.bmp,1578
咆,U+5486,1,chars_000.bmp,1579
咛,U+549B,1,chars_000.bmp,1580
咏,U+548F,1,chars_000.bmp,1581
呢,U+5462,1,chars_000.bmp,1582
咄,U+5484,1,chars_000.bmp,1583
呶,U+5476,1,chars_000.bmp,1584
咖,U+5496,1,chars_000.bmp,1585
呦,U+5466,1,chars_000.bmp,1586
咝,U+549D,1,chars_000.bmp,1587
岵,U+5CB5,1,chars_000.bmp,1588
岢,U+5CA2,1,chars_000.bmp,1589
岸,U+5CB8,1,chars_000.bmp,1590
岩,U+5CA9,1,chars_000.bmp,1591
帖,U+5E16,1,chars_000.bmp,1592
罗,U+7F57,1,chars_000.bmp,1593
岿,U+5CBF,1,chars_000.bmp,1594
岬,U+5CAC,1,chars_000.bmp,1595
岫,U+5CAB,1,chars_000.bmp,1596
帜,U+5E1C,1,chars_000.bmp,1597
帙,U+5E19,1,chars_000.bmp,1598
帕,U+5E15,1,chars_000.bmp,1599
岭,U+5CAD,1,chars_000.bmp,1600
岣,U+5CA3,1,chars_000.bmp,1601
峁,U+5CC1,1,chars_000.bmp,1602
刿,U+523F,1,chars_000.bmp,1603
峂,U+5CC2,1,chars_000.bmp,1604
迥,U+8FE5,1,chars_000.bmp,1605
岷,U+5CB7,1,chars_000.bmp,1606
剀,U+5240,1,chars_000.bmp,1607
凯,U+51EF,1,chars_000.bmp,1608
帔,U+5E14,1,chars_000.bmp,1609
峄,U+5CC4,1,chars_000.bmp,1610
沓,U+6C93,1,chars_000.bmp,1611
败,U+8D25,1,chars_000.bmp,1612
账,U+8D26,1,chars_000.bmp,1613
贩,U+8D29,1,chars_000.bmp,1614
贬,U+8D2C,1,chars_000.bmp,1615
购,U+8D2D,1,chars_000.bmp,1616
贮,U+8D2E,1,chars_000.bmp,1617
囹,U+56F9,1,chars_000.bmp,1618
图,U+56FE,1,chars_000.bmp,1619
罔,U+7F54,1,chars_000.bmp,1620
钍,U+948D,1,chars_000.bmp,1621
钎,U+948E,1,chars_000.bmp,1622
钏,U+948F,1,chars_000.bmp,1623
钐,U+9490,1,chars_000.bmp,1624
钓,U+9493,1,chars_000.bmp,1625
钒,U+9492,1,chars_000.bmp,1626
钔,U+9494,1,chars_000.bmp,1627
钕,U+9495,1,chars_000.bmp,1628
钗,U+9497,1,chars_000.bmp,1629
邾,U+90BE,1,chars_000.bmp,1630
制,U+5236,1,chars_000.bmp,1631
知,U+77E5,1,chars_000.bmp,1632
迭,U+8FED,1,chars_000.bmp,1633
氛,U+6C1B,1,chars_000.bmp,1634
迮,U+8FEE,1,chars_000.bmp,1635
垂,U+5782,1,chars_000.bmp,1636
牦,U+7266,1,chars_000.bmp,1637
牧,U+7267,1,chars_000.bmp,1638
物,U+7269,1,chars_000.bmp,1639
乖,U+4E56,1,chars_000.bmp,1640
刮,U+522E,1,chars_000.bmp,1641
秆,U+79C6,1,chars_000.bmp,1642
和,U+548C,1,chars_000.bmp,1643
季,U+5B63,1,chars_000.bmp,1644
委,U+59D4,1,chars_000.bmp,1645
竺,U+7AFA,1,chars_000.bmp,1646
秉,U+79C9,1,chars_000.bmp,1647
迤,U+8FE4,1,chars_000.bmp,1648
佳,U+4F73,1,chars_000.bmp,1649
侍,U+4F8D,1,chars_000.bmp,1650
佶,U+4F76,1,chars_000.bmp,1651
岳,U+5CB3,1,chars_000.bmp,1652
佬,U+4F6C,1,chars_000.bmp,1653
佴,U+4F74,1,chars_000.bmp,1654
供,U+4F9B,1,chars_000.bmp,1655
使,U+4F7F,1,chars_000.bmp,1656
侑,U+4F91,1,chars_000.bmp,1657
佰,U+4F70,1,chars_000.bmp,1658
侉,U+4F89,1,chars_000.bmp,1659
例,U+4F8B,1,chars_000.bmp,1660
侠,U+4FA0,1,chars_000.bmp,1661
臾,U+81FE,1,chars_000.bmp,1662
侥,U+4FA5,1,chars_000.bmp,1663
版,U+7248,1,chars_000.bmp,1664
侄,U+4F84,1,chars_000.bmp,1665
岱,U+5CB1,1,chars_000.bmp,1666
侦,U+4FA6,1,chars_000.bmp,1667
侣,U+4FA3,1,chars_000.bmp,1668
侗,U+4F97,1,chars_000.bmp,1669
侃,U+4F83,1,chars_000.bmp,1670
侧,U+4FA7,1,chars_000.bmp,1671
侏,U+4F8F,1,chars_000.bmp,1672
凭,U+51ED,1,chars_000.bmp,1673
侨,U+4FA8,1,chars_000.bmp,1674
侩,U+4FA9,1,chars_000.bmp,1675
佻,U+4F7B,1,chars_000.bmp,1676
佾,U+4F7E,1,chars_000.bmp,1677
佩,U+4F69,1,chars_000.bmp,1678
货,U+8D27,1,chars_000.bmp,1679
侈,U+4F88,1,chars_000.bmp,1680
侪,U+4FAA,1,chars_000.bmp,1681
佼,U+4F7C,1,chars_000.bmp,1682
依,U+4F9D,1,chars_000.bmp,1683
佯,U+4F6F,1,chars_000.bmp,1684
侬,U+4FAC,1,chars_000.bmp,1685
帛,U+5E1B,1,chars_000.bmp,1686
卑,U+5351,1,chars_000.bmp,1687
的,U+7684,1,chars_000.bmp,1688
迫,U+8FEB,1,chars_000.bmp,1689
阜,U+961C,1,chars_000.bmp,1690
侔,U+4F94,1,chars_000.bmp,1691
质,U+8D28,1,chars_000.bmp,1692
欣,U+6B23,1,chars_000.bmp,1693
郈,U+90C8,1,chars_000.bmp,1694
征,U+5F81,1,chars_000.bmp,1695
徂,U+5F82,1,chars_000.bmp,1696
往,U+5F80,1,chars_000.bmp,1697
爬,U+722C,1,chars_000.bmp,1698
彼,U+5F7C,1,chars_000.bmp,1699
径,U+5F84,1,chars_000.bmp,1700
所,U+6240,1,chars_000.bmp,1701
舍,U+820D,1,chars_000.bmp,1702
金,U+91D1,1,chars_000.bmp,1703
刽,U+523D,1,chars_000.bmp,1704
郐,U+90D0,1,chars_000.bmp,1705
刹,U+5239,1,chars_000.bmp,1706
命,U+547D,1,chars_000.bmp,1707
肴,U+80B4,1,chars_000.bmp,1708
郄,U+90C4,1,chars_000.bmp,1709
斧,U+65A7,1,chars_000.bmp,1710
怂,U+6002,1,chars_000.bmp,1711
爸,U+7238,1,chars_000.bmp,1712
采,U+91C7,1,chars_000.bmp,1713
籴,U+7C74,1,chars_000.bmp,1714
觅,U+89C5,1,chars_000.bmp,1715
受,U+53D7,1,chars_000.bmp,1716
乳,U+4E73,1,chars_000.bmp,1717
贪,U+8D2A,1,chars_000.bmp,1718
念,U+5FF5,1,chars_000.bmp,1719
贫,U+8D2B,1,chars_000.bmp,1720
忿,U+5FFF,1,chars_000.bmp,1721
瓮,U+74EE,1,chars_000.bmp,1722
戗,U+6217,1,chars_000.bmp,1723
肼,U+80BC,1,chars_000.bmp,1724
肤,U+80A4,1,chars_000.bmp,1725
朊,U+670A,1,chars_000.bmp,1726
肺,U+80BA,1,chars_000.bmp,1727
肢,U+80A2,1,chars_000.bmp,1728
肽,U+80BD,1,chars_000.bmp,1729
肱,U+80B1,1,chars_000.bmp,1730
肫,U+80AB,1,chars_000.bmp,1731
肿,U+80BF,1,chars_000.bmp,1732
肭,U+80AD,1,chars_000.bmp,1733
胀,U+80C0,1,chars_000.bmp,1734
朋,U+670B,1,chars_000.bmp,1735
肷,U+80B7,1,chars_000.bmp,1736
股,U+80A1,1,chars_000.bmp,1737
肮,U+80AE,1,chars_000.bmp,1738
肪,U+80AA,1,chars_000.bmp,1739
肥,U+80A5,1,chars_000.bmp,1740
服,U+670D,1,chars_000.bmp,1741
胁,U+80C1,1,chars_000.bmp,1742
周,U+5468,1,chars_000.bmp,1743
剁,U+5241,1,chars_000.bmp,1744
昏,U+660F,1,chars_000.bmp,1745
迩,U+8FE9,1,chars_000.bmp,1746
郇,U+90C7,1,chars_000.bmp,1747
鱼,U+9C7C,1,chars_000.bmp,1748
兔,U+5154,1,chars_000.bmp,1749
狉,U+72C9,1,chars_000.bmp,1750
狙,U+72D9,1,chars_000.bmp,1751
狎,U+72CE,1,chars_000.bmp,1752
狐,U+72D0,1,chars_000.bmp,1753
忽,U+5FFD,1,chars_000.bmp,1754
狗,U+72D7,1,chars_000.bmp,1755
狍,U+72CD,1,chars_000.bmp,1756
狞,U+72DE,1,chars_000.bmp,1757
狒,U+72D2,1,chars_000.bmp,1758
咎,U+548E,1,chars_000.bmp,1759
备,U+5907,1,chars_000.bmp,1760
炙,U+7099,1,chars_000.bmp,1761
枭,U+67AD,1,chars_000.bmp,1762
饯,U+996F,1,chars_000.bmp,1763
饰,U+9970,1,chars_000.bmp,1764
饱,U+9971,1,chars_000.bmp,1765
饲,U+9972,1,chars_000.bmp,1766
饳,U+9973,1,chars_000.bmp,1767
饴,U+9974,1,chars_000.bmp,1768
冽,U+51BD,1,chars_000.bmp,1769
变,U+53D8,1,chars_000.bmp,1770
京,U+4EAC,1,chars_000.bmp,1771
享,U+4EAB,1,chars_000.bmp,1772
冼,U+51BC,1,chars_000.bmp,1773
庞,U+5E9E,1,chars_000.bmp,1774
店,U+5E97,1,chars_000.bmp,1775
夜,U+591C,1,chars_000.bmp,1776
庙,U+5E99,1,chars_000.bmp,1777
府,U+5E9C,1,chars_000.bmp,1778
底,U+5E95,1,chars_000.bmp,1779
庖,U+5E96,1,chars_000.bmp,1780
疟,U+759F,1,chars_000.bmp,1781
疠,U+75A0,1,chars_000.bmp,1782
疝,U+759D,1,chars_000.bmp,1783
疙,U+7599,1,chars_000.bmp,1784
疚,U+759A,1,chars_000.bmp,1785
疡,U+75A1,1,chars_000.bmp,1786
剂,U+5242,1,chars_000.bmp,1787
卒,U+5352,1,chars_000.bmp,1788
郊,U+90CA,1,chars_000.bmp,1789
兖,U+5156,1,chars_000.bmp,1790
庚,U+5E9A,1,chars_000.bmp,1791
废,U+5E9F,1,chars_000.bmp,1792
净,U+51C0,1,chars_000.bmp,1793
妾,U+59BE,1,chars_000.bmp,1794
盲,U+76F2,1,chars_000.bmp,1795
放,U+653E,1,chars_000.bmp,1796
刻,U+523B,1,chars_000.bmp,1797
於,U+65BC,1,chars_000.bmp,1798
劾,U+52BE,1,chars_000.bmp,1799
育,U+80B2,1,chars_000.bmp,1800
氓,U+6C13,1,chars_000.bmp,1801
闸,U+95F8,1,chars_000.bmp,1802
闹,U+95F9,1,chars_000.bmp,1803
郑,U+90D1,1,chars_000.bmp,1804
券,U+5238,1,chars_000.bmp,1805
卷,U+5377,1,chars_000.bmp,1806
单,U+5355,1,chars_000.bmp,1807
炜,U+709C,1,chars_000.bmp,1808
炬,U+70AC,1,chars_000.bmp,1809
炖,U+7096,1,chars_000.bmp,1810
炒,U+7092,1,chars_000.bmp,1811
炝,U+709D,1,chars_000.bmp,1812
炊,U+708A,1,chars_000.bmp,1813
炕,U+7095,1,chars_000.bmp,1814
炎,U+708E,1,chars_000.bmp,1815
炉,U+7089,1,chars_000.bmp,1816
炔,U+7094,1,chars_000.bmp,1817
沫,U+6CAB,1,chars_000.bmp,1818
浅,U+6D45,1,chars_000.bmp,1819
法,U+6CD5,1,chars_000.bmp,1820
泔,U+6CD4,1,chars_000.bmp,1821
泄,U+6CC4,1,chars_000.bmp,1822
沽,U+6CBD,1,chars_000.bmp,1823
沭,U+6CAD,1,chars_000.bmp,1824
河,U+6CB3,1,chars_000.bmp,1825
泷,U+6CF7,1,chars_000.bmp,1826
沾,U+6CBE,1,chars_000.bmp,1827
泸,U+6CF8,1,chars_000.bmp,1828
沮,U+6CAE,1,chars_000.bmp,1829
泪,U+6CEA,1,chars_000.bmp,1830
油,U+6CB9,1,chars_000.bmp,1831
泱,U+6CF1,1,chars_000.bmp,1832
泅,U+6CC5,1,chars_000.bmp,1833
泗,U+6CD7,1,chars_000.bmp,1834
泊,U+6CCA,1,chars_000.bmp,1835
泠,U+6CE0,1,chars_000.bmp,1836
泜,U+6CDC,1,chars_000.bmp,1837
泺,U+6CFA,1,chars_000.bmp,1838
泃,U+6CC3,1,chars_000.bmp,1839
沿,U+6CBF,1,chars_000.bmp,1840
泖,U+6CD6,1,chars_000.bmp,1841
泡,U+6CE1,1,chars_000.bmp,1842
注,U+6CE8,1,chars_000.bmp,1843
泣,U+6CE3,1,chars_000.bmp,1844
泫,U+6CEB,1,chars_000.bmp,1845
泮,U+6CEE,1,chars_000.bmp,1846
泞,U+6CDE,1,chars_000.bmp,1847
沱,U+6CB1,1,chars_000.bmp,1848
泻,U+6CFB,1,chars_000.bmp,1849
泌,U+6CCC,1,chars_000.bmp,1850
泳,U+6CF3,1,chars_000.bmp,1851
泥,U+6CE5,1,chars_000.bmp,1852
泯,U+6CEF,1,chars_000.bmp,1853
沸,U+6CB8,1,chars_000.bmp,1854
泓,U+6CD3,1,chars_000.bmp,1855
沼,U+6CBC,1,chars_000.bmp,1856
波,U+6CE2,1,chars_000.bmp,1857
泼,U+6CFC,1,chars_000.bmp,1858
泽,U+6CFD,1,chars_000.bmp,1859
泾,U+6CFE,1,chars_000.bmp,1860
治,U+6CBB,1,chars_000.bmp,1861
怔,U+6014,1,chars_000.bmp,1862
怯,U+602F,1,chars_000.bmp,1863
怙,U+6019,1,chars_000.bmp,1864
怵,U+6035,1,chars_000.bmp,1865
怖,U+6016,1,chars_000.bmp,1866
怦,U+6026,1,chars_000.bmp,1867
怛,U+601B,1,chars_000.bmp,1868
怏,U+600F,1,chars_000.bmp,1869
性,U+6027,1,chars_000.bmp,1870
怍,U+600D,1,chars_000.bmp,1871
怕,U+6015,1,chars_000.bmp,1872
怜,U+601C,1,chars_000.bmp,1873
怩,U+6029,1,chars_000.bmp,1874
怫,U+602B,1,chars_000.bmp,1875
怊,U+600A,1,chars_000.bmp,1876
怿,U+603F,1,chars_000.bmp,1877
怪,U+602A,1,chars_000.bmp,1878
怡,U+6021,1,chars_000.bmp,1879
学,U+5B66,1,chars_000.bmp,1880
宝,U+5B9D,1,chars_000.bmp,1881
宗,U+5B97,1,chars_000.bmp,1882
定,U+5B9A,1,chars_000.bmp,1883
宕,U+5B95,1,chars_000.bmp,1884
宠,U+5BA0,1,chars_000.bmp,1885
宜,U+5B9C,1,chars_000.bmp,1886
审,U+5BA1,1,chars_000.bmp,1887
宙,U+5B99,1,chars_000.bmp,1888
官,U+5B98,1,chars_000.bmp,1889
空,U+7A7A,1,chars_000.bmp,1890
帘,U+5E18,1,chars_000.bmp,1891
穸,U+7A78,1,chars_000.bmp,1892
穹,U+7A79,1,chars_000.bmp,1893
宛,U+5B9B,1,chars_000.bmp,1894
实,U+5B9E,1,chars_000.bmp,1895
宓,U+5B93,1,chars_000.bmp,1896
诓,U+8BD3,1,chars_000.bmp,1897
诔,U+8BD4,1,chars_000.bmp,1898
试,U+8BD5,1,chars_000.bmp,1899
郎,U+90CE,1,chars_000.bmp,1900
诖,U+8BD6,1,chars_000.bmp,1901
诗,U+8BD7,1,chars_000.bmp,1902
诘,U+8BD8,1,chars_000.bmp,1903
戾,U+623E,1,chars_000.bmp,1904
肩,U+80A9,1,chars_000.bmp,1905
房,U+623F,1,chars_000.bmp,1906
诙,U+8BD9,1,chars_000.bmp,1907
戽,U+623D,1,chars_000.bmp,1908
诚,U+8BDA,1,chars_000.bmp,1909
郓,U+90D3,1,chars_000.bmp,1910
衬,U+886C,1,chars_000.bmp,1911
衫,U+886B,1,chars_000.bmp,1912
衩,U+8869,1,chars_000.bmp,1913
祆,U+7946,1,chars_000.bmp,1914
祎,U+794E,1,chars_000.bmp,1915
祉,U+7949,1,chars_000.bmp,1916
视,U+89C6,1,chars_000.bmp,1917
祈,U+7948,1,chars_000.bmp,1918
诛,U+8BDB,1,chars_000.bmp,1919
诜,U+8BDC,1,chars_000.bmp,1920
话,U+8BDD,1,chars_000.bmp,1921
诞,U+8BDE,1,chars_000.bmp,1922
诟,U+8BDF,1,chars_000.bmp,1923
诠,U+8BE0,1,chars_000.bmp,1924
诡,U+8BE1,1,chars_000.bmp,1925
询,U+8BE2,1,chars_000.bmp,1926
诣,U+8BE3,1,chars_000.bmp,1927
诤,U+8BE4,1,chars_000.bmp,1928
该,U+8BE5,1,chars_000.bmp,1929
详,U+8BE6,1,chars_000.bmp,1930
诧,U+8BE7,1,chars_000.bmp,1931
诨,U+8BE8,1,chars_000.bmp,1932
诩,U+8BE9,1,chars_000.bmp,1933
建,U+5EFA,1,chars_000.bmp,1934
肃,U+8083,1,chars_000.bmp,1935
隶,U+96B6,1,chars_000.bmp,1936
录,U+5F55,1,chars_000.bmp,1937
帚,U+5E1A,1,chars_000.bmp,1938
屉,U+5C49,1,chars_000.bmp,1939
居,U+5C45,1,chars_000.bmp,1940
届,U+5C4A,1,chars_000.bmp,1941
刷,U+5237,1,chars_000.bmp,1942
鸤,U+9E24,1,chars_000.bmp,1943
屈,U+5C48,1,chars_000.bmp,1944
弧,U+5F27,1,chars_000.bmp,1945
弦,U+5F26,1,chars_000.bmp,1946
承,U+627F,1,chars_000.bmp,1947
孟,U+5B5F,1,chars_000.bmp,1948
陋,U+964B,1,chars_000.bmp,1949
戕,U+6215,1,chars_000.bmp,1950
陌,U+964C,1,chars_000.bmp,1951
孤,U+5B64,1,chars_000.bmp,1952
孢,U+5B62,1,chars_000.bmp,1953
陕,U+9655,1,chars_000.bmp,1954
亟,U+4E9F,1,chars_000.bmp,1955
降,U+964D,1,chars_000.bmp,1956
函,U+51FD,1,chars_000.bmp,1957
陔,U+9654,1,chars_000.bmp,1958
限,U+9650,1,chars_000.bmp,1959
卺,U+537A,1,chars_000.bmp,1960
妹,U+59B9,1,chars_000.bmp,1961
姑,U+59D1,1,chars_000.bmp,1962
姐,U+59D0,1,chars_000.bmp,1963
妲,U+59B2,1,chars_000.bmp,1964
妯,U+59AF,1,chars_000.bmp,1965
姓,U+59D3,1,chars_000.bmp,1966
姗,U+59D7,1,chars_000.bmp,1967
妮,U+59AE,1,chars_000.bmp,1968
始,U+59CB,1,chars_000.bmp,1969
帑,U+5E11,1,chars_000.bmp,1970
弩,U+5F29,1,chars_000.bmp,1971
孥,U+5B65,1,chars_000.bmp,1972
驽,U+9A7D,1,chars_000.bmp,1973
姆,U+59C6,1,chars_000.bmp,1974
虱,U+8671,1,chars_000.bmp,1975
迦,U+8FE6,1,chars_000.bmp,1976
迢,U+8FE2,1,chars_000.bmp,1977
驾,U+9A7E,1,chars_000.bmp,1978
叁,U+53C1,1,chars_000.bmp,1979
参,U+53C2,1,chars_000.bmp,1980
迨,U+8FE8,1,chars_000.bmp,1981
艰,U+8270,1,chars_000.bmp,1982
线,U+7EBF,1,chars_000.bmp,1983
绀,U+7EC0,1,chars_001.bmp,0
绁,U+7EC1,1,chars_001.bmp,1
绂,U+7EC2,1,chars_001.bmp,2
练,U+7EC3,1,chars_001.bmp,3
驵,U+9A75,1,chars_001.bmp,4
组,U+7EC4,1,chars_001.bmp,5
绅,U+7EC5,1,chars_001.bmp,6
细,U+7EC6,1,chars_001.bmp,7
驶,U+9A76,1,chars_001.bmp,8
织,U+7EC7,1,chars_001.bmp,9
驷,U+9A77,1,chars_001.bmp,10
驸,U+9A78,1,chars_001.bmp,11
驹,U+9A79,1,chars_001.bmp,12
终,U+7EC8,1,chars_001.bmp,13
绉,U+7EC9,1,chars_001.bmp,14
驺,U+9A7A,1,chars_001.bmp,15
驻,U+9A7B,1,chars_001.bmp,16
绊,U+7ECA,1,chars_001.bmp,17
驼,U+9A7C,1,chars_001.bmp,18
绋,U+7ECB,1,chars_001.bmp,19
绌,U+7ECC,1,chars_001.bmp,20
绍,U+7ECD,1,chars_001.bmp,21
驿,U+9A7F,1,chars_001.bmp,22
绎,U+7ECE,1,chars_001.bmp,23
经,U+7ECF,1,chars_001.bmp,24
骀,U+9A80,1,chars_001.bmp,25
贯,U+8D2F,1,chars_001.bmp,26
甾,U+753E,1,chars_001.bmp,27
砉,U+7809,1,chars_001.bmp,28
耔,U+8014,1,chars_001.bmp,29
契,U+5951,1,chars_001.bmp,30
贰,U+8D30,1,chars_001.bmp,31
奏,U+594F,1,chars_001.bmp,32
春,U+6625,1,chars_001.bmp,33
帮,U+5E2E,1,chars_001.bmp,34
珏,U+73CF,1,chars_001.bmp,35
珐,U+73D0,1,chars_001.bmp,36
珂,U+73C2,1,chars_001.bmp,37
珑,U+73D1,1,chars_001.bmp,38
玷,U+73B7,1,chars_001.bmp,39
玳,U+73B3,1,chars_001.bmp,40
珀,U+73C0,1,chars_001.bmp,41
顸,U+9878,1,chars_001.bmp,42
珍,U+73CD,1,chars_001.bmp,43
玲,U+73B2,1,chars_001.bmp,44
珊,U+73CA,1,chars_001.bmp,45
珉,U+73C9,1,chars_001.bmp,46
珈,U+73C8,1,chars_001.bmp,47
玻,U+73BB,1,chars_001.bmp,48
毒,U+6BD2,1,chars_001.bmp,49
型,U+578B,1,chars_001.bmp,50
韨,U+97E8,1,chars_001.bmp,51
拭,U+62ED,1,chars_001.bmp,52
挂,U+6302,1,chars_001.bmp,53
封,U+5C01,1,chars_001.bmp,54
持,U+6301,1,chars_001.bmp,55
拮,U+62EE,1,chars_001.bmp,56
拷,U+62F7,1,chars_001.bmp,57
拱,U+62F1,1,chars_001.bmp,58
垭,U+57AD,1,chars_001.bmp,59
挝,U+631D,1,chars_001.bmp,60
垣,U+57A3,1,chars_001.bmp,61
项,U+9879,1,chars_001.bmp,62
垮,U+57AE,1,chars_001.bmp,63
挎,U+630E,1,chars_001.bmp,64
垯,U+57AF,1,chars_001.bmp,65
挞,U+631E,1,chars_001.bmp,66
城,U+57CE,1,chars_001.bmp,67
挟,U+631F,1,chars_001.bmp,68
挠,U+6320,1,chars_001.bmp,69
垤,U+57A4,1,chars_001.bmp,70
政,U+653F,1,chars_001.bmp,71
赴,U+8D74,1,chars_001.bmp,72
赵,U+8D75,1,chars_001.bmp,73
赳,U+8D73,1,chars_001.bmp,74
贲,U+8D32,1,chars_001.bmp,75
垱,U+57B1,1,chars_001.bmp,76
挡,U+6321,1,chars_001.bmp,77
拽,U+62FD,1,chars_001.bmp,78
垌,U+578C,1,chars_001.bmp,79
哉,U+54C9,1,chars_001.bmp,80
垲,U+57B2,1,chars_001.bmp,81
挺,U+633A,1,chars_001.bmp,82
括,U+62EC,1,chars_001.bmp,83
挢,U+6322,1,chars_001.bmp,84
埏,U+57CF,1,chars_001.bmp,85
郝,U+90DD,1,chars_001.bmp,86
垍,U+578D,1,chars_001.bmp,87
垧,U+57A7,1,chars_001.bmp,88
垢,U+57A2,1,chars_001.bmp,89
拴,U+62F4,1,chars_001.bmp,90
拾,U+62FE,1,chars_001.bmp,91
挑,U+6311,1,chars_001.bmp,92
垛,U+579B,1,chars_001.bmp,93
指,U+6307,1,chars_001.bmp,94
垫,U+57AB,1,chars_001.bmp,95
挣,U+6323,1,chars_001.bmp,96
挤,U+6324,1,chars_001.bmp,97
垓,U+5793,1,chars_001.bmp,98
垟,U+579F,1,chars_001.bmp,99
拼,U+62FC,1,chars_001.bmp,100
垞,U+579E,1,chars_001.bmp,101
挖,U+6316,1,chars_001.bmp,102
按,U+6309,1,chars_001.bmp,103
挥,U+6325,1,chars_001.bmp,104
挦,U+6326,1,chars_001.bmp,105
挪,U+632A,1,chars_001.bmp,106
垠,U+57A0,1,chars_001.bmp,107
拯,U+62EF,1,chars_001.bmp,108
拶,U+62F6,1,chars_001.bmp,109
某,U+67D0,1,chars_001.bmp,110
甚,U+751A,1,chars_001.bmp,111
荆,U+8346,1,chars_001.bmp,112
茸,U+8338,1,chars_001.bmp,113
革,U+9769,1,chars_001.bmp,114
茜,U+831C,1,chars_001.bmp,115
茬,U+832C,1,chars_001.bmp,116
荐,U+8350,1,chars_001.bmp,117
荙,U+8359,1,chars_001.bmp,118
巷,U+5DF7,1,chars_001.bmp,119
荚,U+835A,1,chars_001.bmp,120
荑,U+8351,1,chars_001.bmp,121
贳,U+8D33,1,chars_001.bmp,122
荛,U+835B,1,chars_001.bmp,123
荜,U+835C,1,chars_001.bmp,124
茈,U+8308,1,chars_001.bmp,125
带,U+5E26,1,chars_001.bmp,126
草,U+8349,1,chars_001.bmp,127
茧,U+8327,1,chars_001.bmp,128
茼,U+833C,1,chars_001.bmp,129
莒,U+8392,1,chars_001.bmp,130
茵,U+8335,1,chars_001.bmp,131
茴,U+8334,1,chars_001.bmp,132
茱,U+8331,1,chars_001.bmp,133
莛,U+839B,1,chars_001.bmp,134
荞,U+835E,1,chars_001.bmp,135
茯,U+832F,1,chars_001.bmp,136
荏,U+834F,1,chars_001.bmp,137
荇,U+8347,1,chars_001.bmp,138
荃,U+8343,1,chars_001.bmp,139
荟,U+835F,1,chars_001.bmp,140
茶,U+8336,1,chars_001.bmp,141
荀,U+8340,1,chars_001.bmp,142
茗,U+8317,1,chars_001.bmp,143
荠,U+8360,1,chars_001.bmp,144
茭,U+832D,1,chars_001.bmp,145
茨,U+8328,1,chars_001.bmp,146
荒,U+8352,1,chars_001.bmp,147
垩,U+57A9,1,chars_001.bmp,148
茳,U+8333,1,chars_001.bmp,149
茫,U+832B,1,chars_001.bmp,150
荡,U+8361,1,chars_001.bmp,151
荣,U+8363,1,chars_001.bmp,152
荤,U+8364,1,chars_001.bmp,153
荥,U+8365,1,chars_001.bmp,154
荦,U+8366,1,chars_001.bmp,155
荧,U+8367,1,chars_001.bmp,156
荨,U+8368,1,chars_001.bmp,157
故,U+6545,1,chars_001.bmp,158
荩,U+8369,1,chars_001.bmp,159
胡,U+80E1,1,chars_001.bmp,160
荪,U+836A,1,chars_001.bmp,161
荫,U+836B,1,chars_001.bmp,162
茹,U+8339,1,chars_001.bmp,163
荔,U+8354,1,chars_001.bmp,164
南,U+5357,1,chars_001.bmp,165
荬,U+836C,1,chars_001.bmp,166
荭,U+836D,1,chars_001.bmp,167
药,U+836F,1,chars_001.bmp,168
柰,U+67F0,1,chars_001.bmp,169
标,U+6807,1,chars_001.bmp,170
栈,U+6808,1,chars_001.bmp,171
柑,U+67D1,1,chars_001.bmp,172
枯,U+67AF,1,chars_001.bmp,173
栉,U+6809,1,chars_001.bmp,174
柯,U+67EF,1,chars_001.bmp,175
柄,U+67C4,1,chars_001.bmp,176
柘,U+67D8,1,chars_001.bmp,177
栊,U+680A,1,chars_001.bmp,178
柩,U+67E9,1,chars_001.bmp,179
枰,U+67B0,1,chars_001.bmp,180
栋,U+680B,1,chars_001.bmp,181
栌,U+680C,1,chars_001.bmp,182
相,U+76F8,1,chars_001.bmp,183
查,U+67E5,1,chars_001.bmp,184
柙,U+67D9,1,chars_001.bmp,185
枵,U+67B5,1,chars_001.bmp,186
柚,U+67DA,1,chars_001.bmp,187
枳,U+67B3,1,chars_001.bmp,188
柞,U+67DE,1,chars_001.bmp,189
柏,U+67CF,1,chars_001.bmp,190
柝,U+67DD,1,chars_001.bmp,191
栀,U+6800,1,chars_001.bmp,192
柃,U+67C3,1,chars_001.bmp,193
柢,U+67E2,1,chars_001.bmp,194
枸,U+67B8,1,chars_001.bmp,195
栅,U+6805,1,chars_001.bmp,196
柳,U+67F3,1,chars_001.bmp,197
柱,U+67F1,1,chars_001.bmp,198
柿,U+67FF,1,chars_001.bmp,199
栏,U+680F,1,chars_001.bmp,200
柈,U+67C8,1,chars_001.bmp,201
柠,U+67E0,1,chars_001.bmp,202
柁,U+67C1,1,chars_001.bmp,203
枷,U+67B7,1,chars_001.bmp,204
柽,U+67FD,1,chars_001.bmp,205
树,U+6811,1,chars_001.bmp,206
勃,U+52C3,1,chars_001.bmp,207
剌,U+524C,1,chars_001.bmp,208
郚,U+90DA,1,chars_001.bmp,209
剅,U+5245,1,chars_001.bmp,210
要,U+8981,1,chars_001.bmp,211
酊,U+914A,1,chars_001.bmp,212
郦,U+90E6,1,chars_001.bmp,213
柬,U+67EC,1,chars_001.bmp,214
咸,U+54B8,1,chars_001.bmp,215
威,U+5A01,1,chars_001.bmp,216
歪,U+6B6A,1,chars_001.bmp,217
甭,U+752D,1,chars_001.bmp,218
研,U+7814,1,chars_001.bmp,219
砖,U+7816,1,chars_001.bmp,220
厘,U+5398,1,chars_001.bmp,221
砗,U+7817,1,chars_001.bmp,222
厚,U+539A,1,chars_001.bmp,223
砑,U+7811,1,chars_001.bmp,224
砘,U+7818,1,chars_001.bmp,225
砒,U+7812,1,chars_001.bmp,226
砌,U+780C,1,chars_001.bmp,227
砂,U+7802,1,chars_001.bmp,228
泵,U+6CF5,1,chars_001.bmp,229
砚,U+781A,1,chars_001.bmp,230
斫,U+65AB,1,chars_001.bmp,231
砭,U+782D,1,chars_001.bmp,232
砜,U+781C,1,chars_001.bmp,233
砍,U+780D,1,chars_001.bmp,234
面,U+9762,1,chars_001.bmp,235
耐,U+8010,1,chars_001.bmp,236
耍,U+800D,1,chars_001.bmp,237
奎,U+594E,1,chars_001.bmp,238
耷,U+8037,1,chars_001.bmp,239
牵,U+7275,1,chars_001.bmp,240
鸥,U+9E25,1,chars_001.bmp,241
虺,U+867A,1,chars_001.bmp,242
残,U+6B8B,1,chars_001.bmp,243
殂,U+6B82,1,chars_001.bmp,244
殃,U+6B83,1,chars_001.bmp,245
殇,U+6B87,1,chars_001.bmp,246
殄,U+6B84,1,chars_001.bmp,247
殆,U+6B86,1,chars_001.bmp,248
轱,U+8F71,1,chars_001.bmp,249
轲,U+8F72,1,chars_001.bmp,250
轳,U+8F73,1,chars_001.bmp,251
轴,U+8F74,1,chars_001.bmp,252
轵,U+8F75,1,chars_001.bmp,253
轶,U+8F76,1,chars_001.bmp,254
轷,U+8F77,1,chars_001.bmp,255
轸,U+8F78,1,chars_001.bmp,256
轺,U+8F7A,1,chars_001.bmp,257
轻,U+8F7B,1,chars_001.bmp,258
鸦,U+9E26,1,chars_001.bmp,259
虿,U+867F,1,chars_001.bmp,260
皆,U+7686,1,chars_001.bmp,261
毖,U+6BD6,1,chars_001.bmp,262
韭,U+97ED,1,chars_001.bmp,263
背,U+80CC,1,chars_001.bmp,264
战,U+6218,1,chars_001.bmp,265
觇,U+89C7,1,chars_001.bmp,266
点,U+70B9,1,chars_001.bmp,267
虐,U+8650,1,chars_001.bmp,268
临,U+4E34,1,chars_001.bmp,269
览,U+89C8,1,chars_001.bmp,270
竖,U+7AD6,1,chars_001.bmp,271
尜,U+5C1C,1,chars_001.bmp,272
省,U+7701,1,chars_001.bmp,273
削,U+524A,1,chars_001.bmp,274
尝,U+5C1D,1,chars_001.bmp,275
哐,U+54D0,1,chars_001.bmp,276
昧,U+6627,1,chars_001.bmp,277
眄,U+7704,1,chars_001.bmp,278
眍,U+770D,1,chars_001.bmp,279
盹,U+76F9,1,chars_001.bmp,280
是,U+662F,1,chars_001.bmp,281
郢,U+90E2,1,chars_001.bmp,282
眇,U+7707,1,chars_001.bmp,283
眊,U+770A,1,chars_001.bmp,284
盼,U+76FC,1,chars_001.bmp,285
眨,U+7728,1,chars_001.bmp,286
昽,U+663D,1,chars_001.bmp,287
眈,U+7708,1,chars_001.bmp,288
哇,U+54C7,1,chars_001.bmp,289
咭,U+54AD,1,chars_001.bmp,290
哄,U+54C4,1,chars_001.bmp,291
哑,U+54D1,1,chars_001.bmp,292
显,U+663E,1,chars_001.bmp,293
冒,U+5192,1,chars_001.bmp,294
映,U+6620,1,chars_001.bmp,295
禺,U+79BA,1,chars_001.bmp,296
哂,U+54C2,1,chars_001.bmp,297
星,U+661F,1,chars_001.bmp,298
昨,U+6628,1,chars_001.bmp,299
咴,U+54B4,1,chars_001.bmp,300
曷,U+66F7,1,chars_001.bmp,301
昴,U+6634,1,chars_001.bmp,302
咧,U+54A7,1,chars_001.bmp,303
昱,U+6631,1,chars_001.bmp,304
昵,U+6635,1,chars_001.bmp,305
咦,U+54A6,1,chars_001.bmp,306
哓,U+54D3,1,chars_001.bmp,307
昭,U+662D,1,chars_001.bmp,308
哔,U+54D4,1,chars_001.bmp,309
畎,U+754E,1,chars_001.bmp,310
畏,U+754F,1,chars_001.bmp,311
毗,U+6BD7,1,chars_001.bmp,312
趴,U+8DB4,1,chars_001.bmp,313
呲,U+5472,1,chars_001.bmp,314
胄,U+80C4,1,chars_001.bmp,315
胃,U+80C3,1,chars_001.bmp,316
贵,U+8D35,1,chars_001.bmp,317
畋,U+754B,1,chars_001.bmp,318
畈,U+7548,1,chars_001.bmp,319
界,U+754C,1,chars_001.bmp,320
虹,U+8679,1,chars_001.bmp,321
虾,U+867E,1,chars_001.bmp,322
虼,U+867C,1,chars_001.bmp,323
虻,U+867B,1,chars_001.bmp,324
蚁,U+8681,1,chars_001.bmp,325
思,U+601D,1,chars_001.bmp,326
蚂,U+8682,1,chars_001.bmp,327
盅,U+76C5,1,chars_001.bmp,328
咣,U+54A3,1,chars_001.bmp,329
虽,U+867D,1,chars_001.bmp,330
品,U+54C1,1,chars_001.bmp,331
咽,U+54BD,1,chars_001.bmp,332
骂,U+9A82,1,chars_001.bmp,333
哕,U+54D5,1,chars_001.bmp,334
剐,U+5250,1,chars_001.bmp,335
郧,U+90E7,1,chars_001.bmp,336
勋,U+52CB,1,chars_001.bmp,337
咻,U+54BB,1,chars_001.bmp,338
哗,U+54D7,1,chars_001.bmp,339
囿,U+56FF,1,chars_001.bmp,340
咱,U+54B1,1,chars_001.bmp,341
咿,U+54BF,1,chars_001.bmp,342
响,U+54CD,1,chars_001.bmp,343
哌,U+54CC,1,chars_001.bmp,344
哙,U+54D9,1,chars_001.bmp,345
哈,U+54C8,1,chars_001.bmp,346
哚,U+54DA,1,chars_001.bmp,347
咯,U+54AF,1,chars_001.bmp,348
哆,U+54C6,1,chars_001.bmp,349
咬,U+54AC,1,chars_001.bmp,350
咳,U+54B3,1,chars_001.bmp,351
咩,U+54A9,1,chars_001.bmp,352
咪,U+54AA,1,chars_001.bmp,353
咤,U+54A4,1,chars_001.bmp,354
哝,U+54DD,1,chars_001.bmp,355
哪,U+54EA,1,chars_001.bmp,356
哏,U+54CF,1,chars_001.bmp,357
哞,U+54DE,1,chars_001.bmp,358
哟,U+54DF,1,chars_001.bmp,359
峙,U+5CD9,1,chars_001.bmp,360
炭,U+70AD,1,chars_001.bmp,361
峡,U+5CE1,1,chars_001.bmp,362
峣,U+5CE3,1,chars_001.bmp,363
罘,U+7F58,1,chars_001.bmp,364
帧,U+5E27,1,chars_001.bmp,365
罚,U+7F5A,1,chars_001.bmp,366
峒,U+5CD2,1,chars_001.bmp,367
峤,U+5CE4,1,chars_001.bmp,368
峋,U+5CCB,1,chars_001.bmp,369
峥,U+5CE5,1,chars_001.bmp,370
峧,U+5CE7,1,chars_001.bmp,371
帡,U+5E21,1,chars_001.bmp,372
贱,U+8D31,1,chars_001.bmp,373
贴,U+8D34,1,chars_001.bmp,374
贶,U+8D36,1,chars_001.bmp,375
贻,U+8D3B,1,chars_001.bmp,376
骨,U+9AA8,1,chars_001.bmp,377
幽,U+5E7D,1,chars_001.bmp,378
钘,U+9498,1,chars_001.bmp,379
钙,U+9499,1,chars_001.bmp,380
钚,U+949A,1,chars_001.bmp,381
钛,U+949B,1,chars_001.bmp,382
钝,U+949D,1,chars_001.bmp,383
钞,U+949E,1,chars_001.bmp,384
钟,U+949F,1,chars_001.bmp,385
钡,U+94A1,1,chars_001.bmp,386
钠,U+94A0,1,chars_001.bmp,387
钢,U+94A2,1,chars_001.bmp,388
钣,U+94A3,1,chars_001.bmp,389
钤,U+94A4,1,chars_001.bmp,390
钥,U+94A5,1,chars_001.bmp,391
钦,U+94A6,1,chars_001.bmp,392
钧,U+94A7,1,chars_001.bmp,393
钨,U+94A8,1,chars_001.bmp,394
钩,U+94A9,1,chars_001.bmp,395
钪,U+94AA,1,chars_001.bmp,396
钫,U+94AB,1,chars_001.bmp,397
钬,U+94AC,1,chars_001.bmp,398
钭,U+94AD,1,chars_001.bmp,399
钮,U+94AE,1,chars_001.bmp,400
钯,U+94AF,1,chars_001.bmp,401
缸,U+7F38,1,chars_001.bmp,402
拜,U+62DC,1,chars_001.bmp,403
看,U+770B,1,chars_001.bmp,404
矩,U+77E9,1,chars_001.bmp,405
矧,U+77E7,1,chars_001.bmp,406
毡,U+6BE1,1,chars_001.bmp,407
氡,U+6C21,1,chars_001.bmp,408
氟,U+6C1F,1,chars_001.bmp,409
氢,U+6C22,1,chars_001.bmp,410
牯,U+726F,1,chars_001.bmp,411
怎,U+600E,1,chars_001.bmp,412
郜,U+90DC,1,chars_001.bmp,413
牲,U+7272,1,chars_001.bmp,414
选,U+9009,1,chars_001.bmp,415
适,U+9002,1,chars_001.bmp,416
秕,U+79D5,1,chars_001.bmp,417
秒,U+79D2,1,chars_001.bmp,418
香,U+9999,1,chars_001.bmp,419
种,U+79CD,1,chars_001.bmp,420
秭,U+79ED,1,chars_001.bmp,421
秋,U+79CB,1,chars_001.bmp,422
科,U+79D1,1,chars_001.bmp,423
重,U+91CD,1,chars_001.bmp,424
复,U+590D,1,chars_001.bmp,425
竽,U+7AFD,1,chars_001.bmp,426
竿,U+7AFF,1,chars_001.bmp,427
笈,U+7B08,1,chars_001.bmp,428
笃,U+7B03,1,chars_001.bmp,429
俦,U+4FE6,1,chars_001.bmp,430
段,U+6BB5,1,chars_001.bmp,431
俨,U+4FE8,1,chars_001.bmp,432
俅,U+4FC5,1,chars_001.bmp,433
便,U+4FBF,1,chars_001.bmp,434
俩,U+4FE9,1,chars_001.bmp,435
俪,U+4FEA,1,chars_001.bmp,436
叟,U+53DF,1,chars_001.bmp,437
垡,U+57A1,1,chars_001.bmp,438
贷,U+8D37,1,chars_001.bmp,439
牮,U+726E,1,chars_001.bmp,440
顺,U+987A,1,chars_001.bmp,441
修,U+4FEE,1,chars_001.bmp,442
俏,U+4FCF,1,chars_001.bmp,443
俣,U+4FE3,1,chars_001.bmp,444
俚,U+4FDA,1,chars_001.bmp,445
保,U+4FDD,1,chars_001.bmp,446
俜,U+4FDC,1,chars_001.bmp,447
促,U+4FC3,1,chars_001.bmp,448
俄,U+4FC4,1,chars_001.bmp,449
俐,U+4FD0,1,chars_001.bmp,450
侮,U+4FAE,1,chars_001.bmp,451
俭,U+4FED,1,chars_001.bmp,452
俗,U+4FD7,1,chars_001.bmp,453
俘,U+4FD8,1,chars_001.bmp,454
信,U+4FE1,1,chars_001.bmp,455
皇,U+7687,1,chars_001.bmp,456
泉,U+6CC9,1,chars_001.bmp,457
皈,U+7688,1,chars_001.bmp,458
鬼,U+9B3C,1,chars_001.bmp,459
侵,U+4FB5,1,chars_001.bmp,460
禹,U+79B9,1,chars_001.bmp,461
侯,U+4FAF,1,chars_001.bmp,462
追,U+8FFD,1,chars_001.bmp,463
俑,U+4FD1,1,chars_001.bmp,464
俟,U+4FDF,1,chars_001.bmp,465
俊,U+4FCA,1,chars_001.bmp,466
盾,U+76FE,1,chars_001.bmp,467
逅,U+9005,1,chars_001.bmp,468
待,U+5F85,1,chars_001.bmp,469
徊,U+5F8A,1,chars_001.bmp,470
徇,U+5F87,1,chars_001.bmp,471
徉,U+5F89,1,chars_001.bmp,472
衍,U+884D,1,chars_001.bmp,473
律,U+5F8B,1,chars_001.bmp,474
很,U+5F88,1,chars_001.bmp,475
须,U+987B,1,chars_001.bmp,476
舢,U+8222,1,chars_001.bmp,477
舣,U+8223,1,chars_001.bmp,478
叙,U+53D9,1,chars_001.bmp,479
俞,U+4FDE,1,chars_001.bmp,480
弇,U+5F07,1,chars_001.bmp,481
郗,U+90D7,1,chars_001.bmp,482
剑,U+5251,1,chars_001.bmp,483
逃,U+9003,1,chars_001.bmp,484
俎,U+4FCE,1,chars_001.bmp,485
郤,U+90E4,1,chars_001.bmp,486
爰,U+7230,1,chars_001.bmp,487
郛,U+90DB,1,chars_001.bmp,488
食,U+98DF,1,chars_001.bmp,489
瓴,U+74F4,1,chars_001.bmp,490
盆,U+76C6,1,chars_001.bmp,491
胚,U+80DA,1,chars_001.bmp,492
胧,U+80E7,1,chars_001.bmp,493
胨,U+80E8,1,chars_001.bmp,494
胩,U+80E9,1,chars_001.bmp,495
胪,U+80EA,1,chars_001.bmp,496
胆,U+80C6,1,chars_001.bmp,497
胛,U+80DB,1,chars_001.bmp,498
胂,U+80C2,1,chars_001.bmp,499
胜,U+80DC,1,chars_001.bmp,500
胙,U+80D9,1,chars_001.bmp,501
胍,U+80CD,1,chars_001.bmp,502
胗,U+80D7,1,chars_001.bmp,503
胝,U+80DD,1,chars_001.bmp,504
朐,U+6710,1,chars_001.bmp,505
胞,U+80DE,1,chars_001.bmp,506
胖,U+80D6,1,chars_001.bmp,507
脉,U+8109,1,chars_001.bmp,508
胫,U+80EB,1,chars_001.bmp,509
胎,U+80CE,1,chars_001.bmp,510
鸨,U+9E28,1,chars_001.bmp,511
勉,U+52C9,1,chars_001.bmp,512
狨,U+72E8,1,chars_001.bmp,513
狭,U+72ED,1,chars_001.bmp,514
狮,U+72EE,1,chars_001.bmp,515
独,U+72EC,1,chars_001.bmp,516
狯,U+72EF,1,chars_001.bmp,517
狰,U+72F0,1,chars_001.bmp,518
狡,U+72E1,1,chars_001.bmp,519
飐,U+98D0,1,chars_001.bmp,520
飑,U+98D1,1,chars_001.bmp,521
狩,U+72E9,1,chars_001.bmp,522
狱,U+72F1,1,chars_001.bmp,523
狠,U+72E0,1,chars_001.bmp,524
狲,U+72F2,1,chars_001.bmp,525
訇,U+8A07,1,chars_001.bmp,526
訄,U+8A04,1,chars_001.bmp,527
逄,U+9004,1,chars_001.bmp,528
昝,U+661D,1,chars_001.bmp,529
贸,U+8D38,1,chars_001.bmp,530
怨,U+6028,1,chars_001.bmp,531
急,U+6025,1,chars_001.bmp,532
饵,U+9975,1,chars_001.bmp,533
饶,U+9976,1,chars_001.bmp,534
蚀,U+8680,1,chars_001.bmp,535
饷,U+9977,1,chars_001.bmp,536
饸,U+9978,1,chars_001.bmp,537
饹,U+9979,1,chars_001.bmp,538
饺,U+997A,1,chars_001.bmp,539
饻,U+997B,1,chars_001.bmp,540
胤,U+80E4,1,chars_001.bmp,541
饼,U+997C,1,chars_001.bmp,542
峦,U+5CE6,1,chars_001.bmp,543
弯,U+5F2F,1,chars_001.bmp,544
孪,U+5B6A,1,chars_001.bmp,545
娈,U+5A08,1,chars_001.bmp,546
将,U+5C06,1,chars_001.bmp,547
奖,U+5956,1,chars_001.bmp,548
哀,U+54C0,1,chars_001.bmp,549
亭,U+4EAD,1,chars_001.bmp,550
亮,U+4EAE,1,chars_001.bmp,551
庤,U+5EA4,1,chars_001.bmp,552
度,U+5EA6,1,chars_001.bmp,553
弈,U+5F08,1,chars_001.bmp,554
奕,U+5955,1,chars_001.bmp,555
迹,U+8FF9,1,chars_001.bmp,556
庭,U+5EAD,1,chars_001.bmp,557
庥,U+5EA5,1,chars_001.bmp,558
疬,U+75AC,1,chars_001.bmp,559
疣,U+75A3,1,chars_001.bmp,560
疥,U+75A5,1,chars_001.bmp,561
疭,U+75AD,1,chars_001.bmp,562
疮,U+75AE,1,chars_001.bmp,563
疯,U+75AF,1,chars_001.bmp,564
疫,U+75AB,1,chars_001.bmp,565
疢,U+75A2,1,chars_001.bmp,566
疤,U+75A4,1,chars_001.bmp,567
庠,U+5EA0,1,chars_001.bmp,568
咨,U+54A8,1,chars_001.bmp,569
姿,U+59FF,1,chars_001.bmp,570
亲,U+4EB2,1,chars_001.bmp,571
竑,U+7AD1,1,chars_001.bmp,572
音,U+97F3,1,chars_001.bmp,573
彦,U+5F66,1,chars_001.bmp,574
飒,U+98D2,1,chars_001.bmp,575
帝,U+5E1D,1,chars_001.bmp,576
施,U+65BD,1,chars_001.bmp,577
闺,U+95FA,1,chars_001.bmp,578
闻,U+95FB,1,chars_001.bmp,579
闼,U+95FC,1,chars_001.bmp,580
闽,U+95FD,1,chars_001.bmp,581
闾,U+95FE,1,chars_001.bmp,582
闿,U+95FF,1,chars_001.bmp,583
阀,U+9600,1,chars_001.bmp,584
阁,U+9601,1,chars_001.bmp,585
阂,U+9602,1,chars_001.bmp,586
差,U+5DEE,1,chars_001.bmp,587
养,U+517B,1,chars_001.bmp,588
美,U+7F8E,1,chars_001.bmp,589
羑,U+7F91,1,chars_001.bmp,590
姜,U+59DC,1,chars_001.bmp,591
迸,U+8FF8,1,chars_001.bmp,592
叛,U+53DB,1,chars_001.bmp,593
送,U+9001,1,chars_001.bmp,594
类,U+7C7B,1,chars_001.bmp,595
籼,U+7C7C,1,chars_001.bmp,596
迷,U+8FF7,1,chars_001.bmp,597
籽,U+7C7D,1,chars_001.bmp,598
娄,U+5A04,1,chars_001.bmp,599
前,U+524D,1,chars_001.bmp,600
酋,U+914B,1,chars_001.bmp,601
首,U+9996,1,chars_001.bmp,602
逆,U+9006,1,chars_001.bmp,603
兹,U+5179,1,chars_001.bmp,604
总,U+603B,1,chars_001.bmp,605
炳,U+70B3,1,chars_001.bmp,606
炻,U+70BB,1,chars_001.bmp,607
炼,U+70BC,1,chars_001.bmp,608
炟,U+709F,1,chars_001.bmp,609
炽,U+70BD,1,chars_001.bmp,610
炯,U+70AF,1,chars_001.bmp,611
炸,U+70B8,1,chars_001.bmp,612
烀,U+70C0,1,chars_001.bmp,613
烁,U+70C1,1,chars_001.bmp,614
炮,U+70AE,1,chars_001.bmp,615
炷,U+70B7,1,chars_001.bmp,616
炫,U+70AB,1,chars_001.bmp,617
烂,U+70C2,1,chars_001.bmp,618
烃,U+70C3,1,chars_001.bmp,619
剃,U+5243,1,chars_001.bmp,620
洼,U+6D3C,1,chars_001.bmp,621
洁,U+6D01,1,chars_001.bmp,622
洱,U+6D31,1,chars_001.bmp,623
洪,U+6D2A,1,chars_001.bmp,624
洹,U+6D39,1,chars_001.bmp,625
洒,U+6D12,1,chars_001.bmp,626
洧,U+6D27,1,chars_001.bmp,627
洌,U+6D0C,1,chars_001.bmp,628
浃,U+6D43,1,chars_001.bmp,629
柒,U+67D2,1,chars_001.bmp,630
浇,U+6D47,1,chars_001.bmp,631
泚,U+6CDA,1,chars_001.bmp,632
浈,U+6D48,1,chars_001.bmp,633
浉,U+6D49,1,chars_001.bmp,634
浊,U+6D4A,1,chars_001.bmp,635
洞,U+6D1E,1,chars_001.bmp,636
洇,U+6D07,1,chars_001.bmp,637
洄,U+6D04,1,chars_001.bmp,638
测,U+6D4B,1,chars_001.bmp,639
洙,U+6D19,1,chars_001.bmp,640
洗,U+6D17,1,chars_001.bmp,641
活,U+6D3B,1,chars_001.bmp,642
洑,U+6D11,1,chars_001.bmp,643
涎,U+6D8E,1,chars_001.bmp,644
洎,U+6D0E,1,chars_001.bmp,645
洫,U+6D2B,1,chars_001.bmp,646
派,U+6D3E,1,chars_001.bmp,647
浍,U+6D4D,1,chars_001.bmp,648
洽,U+6D3D,1,chars_001.bmp,649
洮,U+6D2E,1,chars_001.bmp,650
染,U+67D3,1,chars_001.bmp,651
洵,U+6D35,1,chars_001.bmp,652
洚,U+6D1A,1,chars_001.bmp,653
洺,U+6D3A,1,chars_001.bmp,654
洛,U+6D1B,1,chars_001.bmp,655
浏,U+6D4F,1,chars_001.bmp,656
济,U+6D4E,1,chars_001.bmp,657
洨,U+6D28,1,chars_001.bmp,658
浐,U+6D50,1,chars_001.bmp,659
洋,U+6D0B,1,chars_001.bmp,660
洴,U+6D34,1,chars_001.bmp,661
洣,U+6D23,1,chars_001.bmp,662
洲,U+6D32,1,chars_001.bmp,663
浑,U+6D51,1,chars_001.bmp,664
浒,U+6D52,1,chars_001.bmp,665
浓,U+6D53,1,chars_001.bmp,666
津,U+6D25,1,chars_001.bmp,667
浔,U+6D54,1,chars_001.bmp,668
浕,U+6D55,1,chars_001.bmp,669
洳,U+6D33,1,chars_001.bmp,670
恸,U+6078,1,chars_001.bmp,671
恃,U+6043,1,chars_001.bmp,672
恒,U+6052,1,chars_001.bmp,673
恹,U+6079,1,chars_001.bmp,674
恢,U+6062,1,chars_001.bmp,675
恍,U+604D,1,chars_001.bmp,676
恫,U+606B,1,chars_001.bmp,677
恺,U+607A,1,chars_001.bmp,678
恻,U+607B,1,chars_001.bmp,679
恬,U+606C,1,chars_001.bmp,680
恤,U+6064,1,chars_001.bmp,681
恰,U+6070,1,chars_001.bmp,682
恂,U+6042,1,chars_001.bmp,683
恪,U+606A,1,chars_001.bmp,684
恼,U+607C,1,chars_001.bmp,685
恽,U+607D,1,chars_001.bmp,686
恨,U+6068,1,chars_001.bmp,687
举,U+4E3E,1,chars_001.bmp,688
觉,U+89C9,1,chars_001.bmp,689
宣,U+5BA3,1,chars_001.bmp,690
宦,U+5BA6,1,chars_001.bmp,691
宥,U+5BA5,1,chars_001.bmp,692
宬,U+5BAC,1,chars_001.bmp,693
室,U+5BA4,1,chars_001.bmp,694
宫,U+5BAB,1,chars_001.bmp,695
宪,U+5BAA,1,chars_001.bmp,696
突,U+7A81,1,chars_001.bmp,697
穿,U+7A7F,1,chars_001.bmp,698
窀,U+7A80,1,chars_001.bmp,699
窃,U+7A83,1,chars_001.bmp,700
客,U+5BA2,1,chars_001.bmp,701
诫,U+8BEB,1,chars_001.bmp,702
冠,U+51A0,1,chars_001.bmp,703
诬,U+8BEC,1,chars_001.bmp,704
语,U+8BED,1,chars_001.bmp,705
扁,U+6241,1,chars_001.bmp,706
扃,U+6243,1,chars_001.bmp,707
袆,U+8886,1,chars_001.bmp,708
衲,U+8872,1,chars_001.bmp,709
衽,U+887D,1,chars_001.bmp,710
袄,U+8884,1,chars_001.bmp,711
衿,U+887F,1,chars_001.bmp,712
袂,U+8882,1,chars_001.bmp,713
祛,U+795B,1,chars_001.bmp,714
祜,U+795C,1,chars_001.bmp,715
祓,U+7953,1,chars_001.bmp,716
祖,U+7956,1,chars_001.bmp,717
神,U+795E,1,chars_001.bmp,718
祝,U+795D,1,chars_001.bmp,719
祚,U+795A,1,chars_001.bmp,720
诮,U+8BEE,1,chars_001.bmp,721
祗,U+7957,1,chars_001.bmp,722
祢,U+7962,1,chars_001.bmp,723
祠,U+7960,1,chars_001.bmp,724
误,U+8BEF,1,chars_001.bmp,725
诰,U+8BF0,1,chars_001.bmp,726
诱,U+8BF1,1,chars_001.bmp,727
诲,U+8BF2,1,chars_001.bmp,728
诳,U+8BF3,1,chars_001.bmp,729
鸩,U+9E29,1,chars_001.bmp,730
说,U+8BF4,1,chars_001.bmp,731
昶,U+6636,1,chars_001.bmp,732
诵,U+8BF5,1,chars_001.bmp,733
郡,U+90E1,1,chars_001.bmp,734
垦,U+57A6,1,chars_001.bmp,735
退,U+9000,1,chars_001.bmp,736
既,U+65E2,1,chars_001.bmp,737
屋,U+5C4B,1,chars_001.bmp,738
昼,U+663C,1,chars_001.bmp,739
咫,U+54AB,1,chars_001.bmp,740
屏,U+5C4F,1,chars_001.bmp,741
屎,U+5C4E,1,chars_001.bmp,742
弭,U+5F2D,1,chars_001.bmp,743
费,U+8D39,1,chars_001.bmp,744
陡,U+9661,1,chars_001.bmp,745
逊,U+900A,1,chars_001.bmp,746
牁,U+7241,1,chars_001.bmp,747
眉,U+7709,1,chars_001.bmp,748
胥,U+80E5,1,chars_001.bmp,749
孩,U+5B69,1,chars_001.bmp,750
陛,U+965B,1,chars_001.bmp,751
陟,U+965F,1,chars_001.bmp,752
陧,U+9667,1,chars_001.bmp,753
陨,U+9668,1,chars_001.bmp,754
除,U+9664,1,chars_001.bmp,755
险,U+9669,1,chars_001.bmp,756
院,U+9662,1,chars_001.bmp,757
娃,U+5A03,1,chars_001.bmp,758
姞,U+59DE,1,chars_001.bmp,759
姥,U+59E5,1,chars_001.bmp,760
娅,U+5A05,1,chars_001.bmp,761
姨,U+59E8,1,chars_001.bmp,762
娆,U+5A06,1,chars_001.bmp,763
姻,U+59FB,1,chars_001.bmp,764
姝,U+59DD,1,chars_001.bmp,765
娇,U+5A07,1,chars_001.bmp,766
姚,U+59DA,1,chars_001.bmp,767
姽,U+59FD,1,chars_001.bmp,768
姣,U+59E3,1,chars_001.bmp,769
姘,U+59D8,1,chars_001.bmp,770
姹,U+59F9,1,chars_001.bmp,771
娜,U+5A1C,1,chars_001.bmp,772
怒,U+6012,1,chars_001.bmp,773
架,U+67B6,1,chars_001.bmp,774
贺,U+8D3A,1,chars_001.bmp,775
盈,U+76C8,1,chars_001.bmp,776
怼,U+603C,1,chars_001.bmp,777
羿,U+7FBF,1,chars_001.bmp,778
勇,U+52C7,1,chars_001.bmp,779
炱,U+70B1,1,chars_001.bmp,780
怠,U+6020,1,chars_001.bmp,781
癸,U+7678,1,chars_001.bmp,782
蚤,U+86A4,1,chars_001.bmp,783
柔,U+67D4,1,chars_001.bmp,784
矜,U+77DC,1,chars_001.bmp,785
垒,U+5792,1,chars_001.bmp,786
绑,U+7ED1,1,chars_001.bmp,787
绒,U+7ED2,1,chars_001.bmp,788
结,U+7ED3,1,chars_001.bmp,789
绔,U+7ED4,1,chars_001.bmp,790
骁,U+9A81,1,chars_001.bmp,791
绕,U+7ED5,1,chars_001.bmp,792
骄,U+9A84,1,chars_001.bmp,793
骅,U+9A85,1,chars_001.bmp,794
绗,U+7ED7,1,chars_001.bmp,795
绘,U+7ED8,1,chars_001.bmp,796
给,U+7ED9,1,chars_001.bmp,797
绚,U+7EDA,1,chars_001.bmp,798
彖,U+5F56,1,chars_001.bmp,799
绛,U+7EDB,1,chars_001.bmp,800
络,U+7EDC,1,chars_001.bmp,801
骆,U+9A86,1,chars_001.bmp,802
绝,U+7EDD,1,chars_001.bmp,803
绞,U+7EDE,1,chars_001.bmp,804
骇,U+9A87,1,chars_001.bmp,805
统,U+7EDF,1,chars_001.bmp,806
骈,U+9A88,1,chars_001.bmp,807
耕,U+8015,1,chars_001.bmp,808
耘,U+8018,1,chars_001.bmp,809
耖,U+8016,1,chars_001.bmp,810
耗,U+8017,1,chars_001.bmp,811
耙,U+8019,1,chars_001.bmp,812
艳,U+8273,1,chars_001.bmp,813
挈,U+6308,1,chars_001.bmp,814
恝,U+605D,1,chars_001.bmp,815
泰,U+6CF0,1,chars_001.bmp,816
秦,U+79E6,1,chars_001.bmp,817
珥,U+73E5,1,chars_001.bmp,818
珙,U+73D9,1,chars_001.bmp,819
顼,U+987C,1,chars_001.bmp,820
珰,U+73F0,1,chars_001.bmp,821
珠,U+73E0,1,chars_001.bmp,822
珽,U+73FD,1,chars_001.bmp,823
珩,U+73E9,1,chars_001.bmp,824
珧,U+73E7,1,chars_001.bmp,825
珣,U+73E3,1,chars_001.bmp,826
珞,U+73DE,1,chars_001.bmp,827
琤,U+7424,1,chars_001.bmp,828
班,U+73ED,1,chars_001.bmp,829
珲,U+73F2,1,chars_001.bmp,830
敖,U+6556,1,chars_001.bmp,831
素,U+7D20,1,chars_001.bmp,832
匿,U+533F,1,chars_001.bmp,833
蚕,U+8695,1,chars_001.bmp,834
顽,U+987D,1,chars_001.bmp,835
盏,U+76CF,1,chars_001.bmp,836
匪,U+532A,1,chars_001.bmp,837
恚,U+605A,1,chars_001.bmp,838
捞,U+635E,1,chars_001.bmp,839
栽,U+683D,1,chars_001.bmp,840
捕,U+6355,1,chars_001.bmp,841
埔,U+57D4,1,chars_001.bmp,842
埂,U+57C2,1,chars_001.bmp,843
捂,U+6342,1,chars_001.bmp,844
振,U+632F,1,chars_001.bmp,845
载,U+8F7D,1,chars_001.bmp,846
赶,U+8D76,1,chars_001.bmp,847
起,U+8D77,1,chars_001.bmp,848
盐,U+76D0,1,chars_001.bmp,849
捎,U+634E,1,chars_001.bmp,850
捍,U+634D,1,chars_001.bmp,851
埕,U+57D5,1,chars_001.bmp,852
捏,U+634F,1,chars_001.bmp,853
埘,U+57D8,1,chars_001.bmp,854
埋,U+57CB,1,chars_001.bmp,855
捉,U+6349,1,chars_001.bmp,856
捆,U+6346,1,chars_001.bmp,857
捐,U+6350,1,chars_001.bmp,858
埚,U+57DA,1,chars_001.bmp,859
埙,U+57D9,1,chars_001.bmp,860
损,U+635F,1,chars_001.bmp,861
袁,U+8881,1,chars_001.bmp,862
挹,U+6339,1,chars_001.bmp,863
捌,U+634C,1,chars_001.bmp,864
都,U+90FD,1,chars_001.bmp,865
哲,U+54F2,1,chars_001.bmp,866
逝,U+901D,1,chars_001.bmp,867
耆,U+8006,1,chars_001.bmp,868
耄,U+8004,1,chars_001.bmp,869
捡,U+6361,1,chars_001.bmp,870
挫,U+632B,1,chars_001.bmp,871
捋,U+634B,1,chars_001.bmp,872
埒,U+57D2,1,chars_001.bmp,873
换,U+6362,1,chars_001.bmp,874
挽,U+633D,1,chars_001.bmp,875
贽,U+8D3D,1,chars_001.bmp,876
挚,U+631A,1,chars_001.bmp,877
热,U+70ED,1,chars_001.bmp,878
恐,U+6050,1,chars_001.bmp,879
捣,U+6363,1,chars_001.bmp,880
垸,U+57B8,1,chars_001.bmp,881
壶,U+58F6,1,chars_001.bmp,882
捃,U+6343,1,chars_001.bmp,883
捅,U+6345,1,chars_001.bmp,884
盍,U+76CD,1,chars_001.bmp,885
埃,U+57C3,1,chars_001.bmp,886
挨,U+6328,1,chars_001.bmp,887
耻,U+803B,1,chars_001.bmp,888
耿,U+803F,1,chars_001.bmp,889
耽,U+803D,1,chars_001.bmp,890
聂,U+8042,1,chars_001.bmp,891
莰,U+83B0,1,chars_001.bmp,892
茝,U+831D,1,chars_001.bmp,893
荸,U+8378,1,chars_001.bmp,894
莆,U+8386,1,chars_001.bmp,895
恭,U+606D,1,chars_001.bmp,896
莽,U+83BD,1,chars_001.bmp,897
莱,U+83B1,1,chars_001.bmp,898
莲,U+83B2,1,chars_001.bmp,899
莳,U+83B3,1,chars_001.bmp,900
莫,U+83AB,1,chars_001.bmp,901
莴,U+83B4,1,chars_001.bmp,902
莪,U+83AA,1,chars_001.bmp,903
莉,U+8389,1,chars_001.bmp,904
莠,U+83A0,1,chars_001.bmp,905
莓,U+8393,1,chars_001.bmp,906
荷,U+8377,1,chars_001.bmp,907
莜,U+839C,1,chars_001.bmp,908
莅,U+8385,1,chars_001.bmp,909
荼,U+837C,1,chars_001.bmp,910
莶,U+83B6,1,chars_001.bmp,911
莩,U+83A9,1,chars_001.bmp,912
荽,U+837D,1,chars_001.bmp,913
获,U+83B7,1,chars_001.bmp,914
莸,U+83B8,1,chars_001.bmp,915
荻,U+837B,1,chars_001.bmp,916
莘,U+8398,1,chars_001.bmp,917
晋,U+664B,1,chars_001.bmp,918
恶,U+6076,1,chars_001.bmp,919
莎,U+838E,1,chars_001.bmp,920
莞,U+839E,1,chars_001.bmp,921
莹,U+83B9,1,chars_001.bmp,922
莺,U+83BA,1,chars_001.bmp,923
真,U+771F,1,chars_001.bmp,924
莙,U+8399,1,chars_001.bmp,925
鸪,U+9E2A,1,chars_001.bmp,926
莼,U+83BC,1,chars_001.bmp,927
框,U+6846,1,chars_001.bmp,928
梆,U+6886,1,chars_001.bmp,929
桂,U+6842,1,chars_001.bmp,930
桔,U+6854,1,chars_001.bmp,931
栲,U+6832,1,chars_001.bmp,932
栳,U+6833,1,chars_001.bmp,933
郴,U+90F4,1,chars_001.bmp,934
桓,U+6853,1,chars_001.bmp,935
栖,U+6816,1,chars_001.bmp,936
桡,U+6861,1,chars_001.bmp,937
桎,U+684E,1,chars_001.bmp,938
桢,U+6862,1,chars_001.bmp,939
桄,U+6844,1,chars_001.bmp,940
档,U+6863,1,chars_001.bmp,941
桐,U+6850,1,chars_001.bmp,942
桤,U+6864,1,chars_001.bmp,943
株,U+682A,1,chars_001.bmp,944
梃,U+6883,1,chars_001.bmp,945
栝,U+681D,1,chars_001.bmp,946
桥,U+6865,1,chars_001.bmp,947
桕,U+6855,1,chars_001.bmp,948
桦,U+6866,1,chars_001.bmp,949
桁,U+6841,1,chars_001.bmp,950
栓,U+6813,1,chars_001.bmp,951
桧,U+6867,1,chars_001.bmp,952
桃,U+6843,1,chars_001.bmp,953
桅,U+6845,1,chars_001.bmp,954
栒,U+6812,1,chars_001.bmp,955
格,U+683C,1,chars_001.bmp,956
桩,U+6869,1,chars_001.bmp,957
校,U+6821,1,chars_001.bmp,958
核,U+6838,1,chars_001.bmp,959
样,U+6837,1,chars_001.bmp,960
栟,U+681F,1,chars_001.bmp,961
桉,U+6849,1,chars_001.bmp,962
根,U+6839,1,chars_001.bmp,963
栩,U+6829,1,chars_001.bmp,964
逑,U+9011,1,chars_001.bmp,965
索,U+7D22,1,chars_001.bmp,966
逋,U+900B,1,chars_001.bmp,967
彧,U+5F67,1,chars_001.bmp,968
哥,U+54E5,1,chars_001.bmp,969
速,U+901F,1,chars_001.bmp,970
鬲,U+9B32,1,chars_001.bmp,971
豇,U+8C47,1,chars_001.bmp,972
逗,U+9017,1,chars_001.bmp,973
栗,U+6817,1,chars_001.bmp,974
贾,U+8D3E,1,chars_001.bmp,975
酐,U+9150,1,chars_001.bmp,976
酎,U+914E,1,chars_001.bmp,977
酌,U+914C,1,chars_001.bmp,978
配,U+914D,1,chars_001.bmp,979
酏,U+914F,1,chars_001.bmp,980
逦,U+9026,1,chars_001.bmp,981
翅,U+7FC5,1,chars_001.bmp,982
辱,U+8FB1,1,chars_001.bmp,983
唇,U+5507,1,chars_001.bmp,984
厝,U+539D,1,chars_001.bmp,985
孬,U+5B6C,1,chars_001.bmp,986
夏,U+590F,1,chars_001.bmp,987
砝,U+781D,1,chars_001.bmp,988
砹,U+7839,1,chars_001.bmp,989
砸,U+7838,1,chars_001.bmp,990
砺,U+783A,1,chars_001.bmp,991
砰,U+7830,1,chars_001.bmp,992
砧,U+7827,1,chars_001.bmp,993
砷,U+7837,1,chars_001.bmp,994
砟,U+781F,1,chars_001.bmp,995
砼,U+783C,1,chars_001.bmp,996
砥,U+7825,1,chars_001.bmp,997
砾,U+783E,1,chars_001.bmp,998
砣,U+7823,1,chars_001.bmp,999
础,U+7840,1,chars_001.bmp,1000
破,U+7834,1,chars_001.bmp,1001
硁,U+7841,1,chars_001.bmp,1002
恧,U+6067,1,chars_001.bmp,1003
原,U+539F,1,chars_001.bmp,1004
套,U+5957,1,chars_001.bmp,1005
剞,U+525E,1,chars_001.bmp,1006
逐,U+9010,1,chars_001.bmp,1007
砻,U+783B,1,chars_001.bmp,1008
烈,U+70C8,1,chars_001.bmp,1009
殊,U+6B8A,1,chars_001.bmp,1010
殉,U+6B89,1,chars_001.bmp,1011
顾,U+987E,1,chars_001.bmp,1012
轼,U+8F7C,1,chars_001.bmp,1013
轾,U+8F7E,1,chars_001.bmp,1014
轿,U+8F7F,1,chars_001.bmp,1015
辀,U+8F80,1,chars_001.bmp,1016
辁,U+8F81,1,chars_001.bmp,1017
辂,U+8F82,1,chars_001.bmp,1018
较,U+8F83,1,chars_001.bmp,1019
鸫,U+9E2B,1,chars_001.bmp,1020
顿,U+987F,1,chars_001.bmp,1021
趸,U+8DB8,1,chars_001.bmp,1022
毙,U+6BD9,1,chars_001.bmp,1023
致,U+81F4,1,chars_001.bmp,1024
剕,U+5255,1,chars_001.bmp,1025
龀,U+9F80,1,chars_001.bmp,1026
柴,U+67F4,1,chars_001.bmp,1027
桌,U+684C,1,chars_001.bmp,1028
鸬,U+9E2C,1,chars_001.bmp,1029
虔,U+8654,1,chars_001.bmp,1030
虑,U+8651,1,chars_001.bmp,1031
监,U+76D1,1,chars_001.bmp,1032
紧,U+7D27,1,chars_001.bmp,1033
逍,U+900D,1,chars_001.bmp,1034
党,U+515A,1,chars_001.bmp,1035
眬,U+772C,1,chars_001.bmp,1036
唛,U+551B,1,chars_001.bmp,1037
逞,U+901E,1,chars_001.bmp,1038
晒,U+6652,1,chars_001.bmp,1039
晟,U+665F,1,chars_001.bmp,1040
眩,U+7729,1,chars_001.bmp,1041
眠,U+7720,1,chars_001.bmp,1042
晓,U+6653,1,chars_001.bmp,1043
眙,U+7719,1,chars_001.bmp,1044
唝,U+551D,1,chars_001.bmp,1045
哧,U+54E7,1,chars_001.bmp,1046
哳,U+54F3,1,chars_001.bmp,1047
哮,U+54EE,1,chars_001.bmp,1048
唠,U+5520,1,chars_001.bmp,1049
鸭,U+9E2D,1,chars_001.bmp,1050
晃,U+6643,1,chars_001.bmp,1051
哺,U+54FA,1,chars_001.bmp,1052
哽,U+54FD,1,chars_001.bmp,1053
唔,U+5514,1,chars_001.bmp,1054
晔,U+6654,1,chars_001.bmp,1055
晌,U+664C,1,chars_001.bmp,1056
晁,U+6641,1,chars_001.bmp,1057
剔,U+5254,1,chars_001.bmp,1058
晏,U+664F,1,chars_001.bmp,1059
晖,U+6656,1,chars_001.bmp,1060
晕,U+6655,1,chars_001.bmp,1061
鸮,U+9E2E,1,chars_001.bmp,1062
趵,U+8DB5,1,chars_001.bmp,1063
趿,U+8DBF,1,chars_001.bmp,1064
畛,U+755B,1,chars_001.bmp,1065
蚌,U+868C,1,chars_001.bmp,1066
蚨,U+86A8,1,chars_001.bmp,1067
蚜,U+869C,1,chars_001.bmp,1068
蚍,U+868D,1,chars_001.bmp,1069
蚋,U+868B,1,chars_001.bmp,1070
蚬,U+86AC,1,chars_001.bmp,1071
畔,U+7554,1,chars_001.bmp,1072
蚝,U+869D,1,chars_001.bmp,1073
蚧,U+86A7,1,chars_001.bmp,1074
蚣,U+86A3,1,chars_001.bmp,1075
蚊,U+868A,1,chars_001.bmp,1076
蚓,U+8693,1,chars_001.bmp,1077
哨,U+54E8,1,chars_001.bmp,1078
唢,U+5522,1,chars_001.bmp,1079
哩,U+54E9,1,chars_001.bmp,1080
圃,U+5703,1,chars_001.bmp,1081
哭,U+54ED,1,chars_001.bmp,1082
圄,U+5704,1,chars_001.bmp,1083
哦,U+54E6,1,chars_001.bmp,1084
唣,U+5523,1,chars_001.bmp,1085
唏,U+550F,1,chars_001.bmp,1086
恩,U+6069,1,chars_001.bmp,1087
盎,U+76CE,1,chars_001.bmp,1088
唑,U+5511,1,chars_001.bmp,1089
鸯,U+9E2F,1,chars_001.bmp,1090
唤,U+5524,1,chars_001.bmp,1091
唁,U+5501,1,chars_001.bmp,1092
哼,U+54FC,1,chars_001.bmp,1093
唧,U+5527,1,chars_001.bmp,1094
啊,U+554A,1,chars_001.bmp,1095
唉,U+5509,1,chars_001.bmp,1096
唆,U+5506,1,chars_001.bmp,1097
帱,U+5E31,1,chars_001.bmp,1098
崂,U+5D02,1,chars_001.bmp,1099
崃,U+5D03,1,chars_001.bmp,1100
罡,U+7F61,1,chars_001.bmp,1101
罢,U+7F62,1,chars_001.bmp,1102
罟,U+7F5F,1,chars_001.bmp,1103
峭,U+5CED,1,chars_001.bmp,1104
峨,U+5CE8,1,chars_001.bmp,1105
峪,U+5CEA,1,chars_001.bmp,1106
峰,U+5CF0,1,chars_001.bmp,1107
圆,U+5706,1,chars_001.bmp,1108
觊,U+89CA,1,chars_001.bmp,1109
峻,U+5CFB,1,chars_001.bmp,1110
贼,U+8D3C,1,chars_001.bmp,1111
贿,U+8D3F,1,chars_001.bmp,1112
赂,U+8D42,1,chars_001.bmp,1113
赃,U+8D43,1,chars_001.bmp,1114
赅,U+8D45,1,chars_001.bmp,1115
赆,U+8D46,1,chars_001.bmp,1116
钰,U+94B0,1,chars_001.bmp,1117
钱,U+94B1,1,chars_001.bmp,1118
钲,U+94B2,1,chars_001.bmp,1119
钳,U+94B3,1,chars_001.bmp,1120
钴,U+94B4,1,chars_001.bmp,1121
钵,U+94B5,1,chars_001.bmp,1122
钷,U+94B7,1,chars_001.bmp,1123
钹,U+94B9,1,chars_001.bmp,1124
钺,U+94BA,1,chars_001.bmp,1125
钻,U+94BB,1,chars_001.bmp,1126
钼,U+94BC,1,chars_001.bmp,1127
钽,U+94BD,1,chars_001.bmp,1128
钾,U+94BE,1,chars_001.bmp,1129
钿,U+94BF,1,chars_001.bmp,1130
铀,U+94C0,1,chars_001.bmp,1131
铁,U+94C1,1,chars_001.bmp,1132
铂,U+94C2,1,chars_001.bmp,1133
铃,U+94C3,1,chars_001.bmp,1134
铄,U+94C4,1,chars_001.bmp,1135
铅,U+94C5,1,chars_001.bmp,1136
铆,U+94C6,1,chars_001.bmp,1137
铈,U+94C8,1,chars_001.bmp,1138
铉,U+94C9,1,chars_001.bmp,1139
铊,U+94CA,1,chars_001.bmp,1140
铋,U+94CB,1,chars_001.bmp,1141
铌,U+94CC,1,chars_001.bmp,1142
铍,U+94CD,1,chars_001.bmp,1143
铎,U+94CE,1,chars_001.bmp,1144
眚,U+771A,1,chars_001.bmp,1145
缺,U+7F3A,1,chars_001.bmp,1146
氩,U+6C29,1,chars_001.bmp,1147
氤,U+6C24,1,chars_001.bmp,1148
氦,U+6C26,1,chars_001.bmp,1149
氧,U+6C27,1,chars_001.bmp,1150
氨,U+6C28,1,chars_001.bmp,1151
毪,U+6BEA,1,chars_001.bmp,1152
特,U+7279,1,chars_001.bmp,1153
牺,U+727A,1,chars_001.bmp,1154
造,U+9020,1,chars_001.bmp,1155
乘,U+4E58,1,chars_001.bmp,1156
敌,U+654C,1,chars_001.bmp,1157
舐,U+8210,1,chars_001.bmp,1158
秣,U+79E3,1,chars_001.bmp,1159
秫,U+79EB,1,chars_001.bmp,1160
秤,U+79E4,1,chars_001.bmp,1161
租,U+79DF,1,chars_001.bmp,1162
秧,U+79E7,1,chars_001.bmp,1163
积,U+79EF,1,chars_001.bmp,1164
盉,U+76C9,1,chars_001.bmp,1165
秩,U+79E9,1,chars_001.bmp,1166
称,U+79F0,1,chars_001.bmp,1167
秘,U+79D8,1,chars_001.bmp,1168
透,U+900F,1,chars_001.bmp,1169
笄,U+7B04,1,chars_001.bmp,1170
笕,U+7B15,1,chars_001.bmp,1171
笔,U+7B14,1,chars_001.bmp,1172
笑,U+7B11,1,chars_001.bmp,1173
笊,U+7B0A,1,chars_001.bmp,1174
笫,U+7B2B,1,chars_001.bmp,1175
笏,U+7B0F,1,chars_001.bmp,1176
笋,U+7B0B,1,chars_001.bmp,1177
笆,U+7B06,1,chars_001.bmp,1178
俸,U+4FF8,1,chars_001.bmp,1179
倩,U+5029,1,chars_001.bmp,1180
债,U+503A,1,chars_001.bmp,1181
俵,U+4FF5,1,chars_001.bmp,1182
倻,U+503B,1,chars_001.bmp,1183
借,U+501F,1,chars_001.bmp,1184
偌,U+504C,1,chars_001.bmp,1185
值,U+503C,1,chars_001.bmp,1186
倚,U+501A,1,chars_001.bmp,1187
俺,U+4FFA,1,chars_001.bmp,1188
倾,U+503E,1,chars_001.bmp,1189
倒,U+5012,1,chars_001.bmp,1190
俳,U+4FF3,1,chars_001.bmp,1191
俶,U+4FF6,1,chars_001.bmp,1192
倬,U+502C,1,chars_001.bmp,1193
倏,U+500F,1,chars_001.bmp,1194
俱,U+4FF1,1,chars_001.bmp,1195
倡,U+5021,1,chars_001.bmp,1196
候,U+5019,1,chars_001.bmp,1197
赁,U+8D41,1,chars_001.bmp,1198
恁,U+6041,1,chars_001.bmp,1199
倭,U+502D,1,chars_001.bmp,1200
倪,U+502A,1,chars_001.bmp,1201
俾,U+4FFE,1,chars_001.bmp,1202
倜,U+501C,1,chars_001.bmp,1203
隼,U+96BC,1,chars_001.bmp,1204
隽,U+96BD,1,chars_001.bmp,1205
倞,U+501E,1,chars_001.bmp,1206
俯,U+4FEF,1,chars_001.bmp,1207
倍,U+500D,1,chars_001.bmp,1208
倦,U+5026,1,chars_001.bmp,1209
倓,U+5013,1,chars_001.bmp,1210
倌,U+500C,1,chars_001.bmp,1211
倥,U+5025,1,chars_001.bmp,1212
臬,U+81EC,1,chars_001.bmp,1213
健,U+5065,1,chars_001.bmp,1214
臭,U+81ED,1,chars_001.bmp,1215
射,U+5C04,1,chars_001.bmp,1216
皋,U+768B,1,chars_001.bmp,1217
躬,U+8EAC,1,chars_001.bmp,1218
息,U+606F,1,chars_001.bmp,1219
郫,U+90EB,1,chars_001.bmp,1220
倨,U+5028,1,chars_001.bmp,1221
倔,U+5014,1,chars_001.bmp,1222
衄,U+8844,1,chars_001.bmp,1223
颀,U+9880,1,chars_001.bmp,1224
徒,U+5F92,1,chars_001.bmp,1225
徕,U+5F95,1,chars_001.bmp,1226
徐,U+5F90,1,chars_001.bmp,1227
殷,U+6BB7,1,chars_001.bmp,1228
舰,U+8230,1,chars_001.bmp,1229
舨,U+8228,1,chars_001.bmp,1230
舱,U+8231,1,chars_001.bmp,1231
般,U+822C,1,chars_001.bmp,1232
航,U+822A,1,chars_001.bmp,1233
舫,U+822B,1,chars_001.bmp,1234
瓞,U+74DE,1,chars_001.bmp,1235
途,U+9014,1,chars_001.bmp,1236
拿,U+62FF,1,chars_001.bmp,1237
釜,U+91DC,1,chars_001.bmp,1238
耸,U+8038,1,chars_001.bmp,1239
爹,U+7239,1,chars_001.bmp,1240
舀,U+8200,1,chars_001.bmp,1241
爱,U+7231,1,chars_001.bmp,1242
豺,U+8C7A,1,chars_001.bmp,1243
豹,U+8C79,1,chars_001.bmp,1244
奚,U+595A,1,chars_001.bmp,1245
鬯,U+9B2F,1,chars_001.bmp,1246
衾,U+887E,1,chars_001.bmp,1247
鸰,U+9E30,1,chars_001.bmp,1248
颁,U+9881,1,chars_001.bmp,1249
颂,U+9882,1,chars_001.bmp,1250
翁,U+7FC1,1,chars_001.bmp,1251
胯,U+80EF,1,chars_001.bmp,1252
胰,U+80F0,1,chars_001.bmp,1253
胱,U+80F1,1,chars_001.bmp,1254
胴,U+80F4,1,chars_001.bmp,1255
胭,U+80ED,1,chars_001.bmp,1256
脍,U+810D,1,chars_001.bmp,1257
脎,U+810E,1,chars_001.bmp,1258
脆,U+8106,1,chars_001.bmp,1259
脂,U+8102,1,chars_001.bmp,1260
胸,U+80F8,1,chars_001.bmp,1261
胳,U+80F3,1,chars_001.bmp,1262
脏,U+810F,1,chars_001.bmp,1263
脐,U+8110,1,chars_001.bmp,1264
胶,U+80F6,1,chars_001.bmp,1265
脑,U+8111,1,chars_001.bmp,1266
胲,U+80F2,1,chars_001.bmp,1267
胼,U+80FC,1,chars_001.bmp,1268
朕,U+6715,1,chars_001.bmp,1269
脒,U+8112,1,chars_001.bmp,1270
胺,U+80FA,1,chars_001.bmp,1271
脓,U+8113,1,chars_001.bmp,1272
鸱,U+9E31,1,chars_001.bmp,1273
玺,U+73BA,1,chars_001.bmp,1274
鱽,U+9C7D,1,chars_001.bmp,1275
鸲,U+9E32,1,chars_001.bmp,1276
逛,U+901B,1,chars_001.bmp,1277
狴,U+72F4,1,chars_001.bmp,1278
狸,U+72F8,1,chars_001.bmp,1279
狷,U+72F7,1,chars_001.bmp,1280
猁,U+7301,1,chars_001.bmp,1281
狳,U+72F3,1,chars_001.bmp,1282
猃,U+7303,1,chars_001.bmp,1283
狺,U+72FA,1,chars_001.bmp,1284
逖,U+9016,1,chars_001.bmp,1285
狼,U+72FC,1,chars_001.bmp,1286
卿,U+537F,1,chars_001.bmp,1287
狻,U+72FB,1,chars_001.bmp,1288
逢,U+9022,1,chars_001.bmp,1289
桀,U+6840,1,chars_001.bmp,1290
鸵,U+9E35,1,chars_001.bmp,1291
留,U+7559,1,chars_001.bmp,1292
袅,U+8885,1,chars_001.bmp,1293
眢,U+7722,1,chars_001.bmp,1294
鸳,U+9E33,1,chars_001.bmp,1295
皱,U+76B1,1,chars_001.bmp,1296
饽,U+997D,1,chars_001.bmp,1297
饿,U+997F,1,chars_001.bmp,1298
馀,U+9980,1,chars_001.bmp,1299
馁,U+9981,1,chars_001.bmp,1300
凌,U+51CC,1,chars_001.bmp,1301
凇,U+51C7,1,chars_001.bmp,1302
凄,U+51C4,1,chars_001.bmp,1303
栾,U+683E,1,chars_001.bmp,1304
挛,U+631B,1,chars_001.bmp,1305
恋,U+604B,1,chars_001.bmp,1306
桨,U+6868,1,chars_001.bmp,1307
浆,U+6D46,1,chars_001.bmp,1308
衰,U+8870,1,chars_001.bmp,1309
勍,U+52CD,1,chars_001.bmp,1310
衷,U+8877,1,chars_001.bmp,1311
高,U+9AD8,1,chars_001.bmp,1312
亳,U+4EB3,1,chars_001.bmp,1313
郭,U+90ED,1,chars_001.bmp,1314
席,U+5E2D,1,chars_001.bmp,1315
准,U+51C6,1,chars_001.bmp,1316
座,U+5EA7,1,chars_001.bmp,1317
症,U+75C7,1,chars_001.bmp,1318
疳,U+75B3,1,chars_001.bmp,1319
疴,U+75B4,1,chars_001.bmp,1320
病,U+75C5,1,chars_001.bmp,1321
疽,U+75BD,1,chars_001.bmp,1322
疸,U+75B8,1,chars_001.bmp,1323
疾,U+75BE,1,chars_001.bmp,1324
痄,U+75C4,1,chars_001.bmp,1325
斋,U+658B,1,chars_001.bmp,1326
疹,U+75B9,1,chars_001.bmp,1327
痈,U+75C8,1,chars_001.bmp,1328
疼,U+75BC,1,chars_001.bmp,1329
疱,U+75B1,1,chars_001.bmp,1330
疰,U+75B0,1,chars_001.bmp,1331
痃,U+75C3,1,chars_001.bmp,1332
痂,U+75C2,1,chars_001.bmp,1333
疲,U+75B2,1,chars_001.bmp,1334
痉,U+75C9,1,chars_001.bmp,1335
脊,U+810A,1,chars_001.bmp,1336
效,U+6548,1,chars_001.bmp,1337
离,U+79BB,1,chars_001.bmp,1338
衮,U+886E,1,chars_001.bmp,1339
紊,U+7D0A,1,chars_001.bmp,1340
唐,U+5510,1,chars_001.bmp,1341
凋,U+51CB,1,chars_001.bmp,1342
颃,U+9883,1,chars_001.bmp,1343
瓷,U+74F7,1,chars_001.bmp,1344
资,U+8D44,1,chars_001.bmp,1345
恣,U+6063,1,chars_001.bmp,1346
凉,U+51C9,1,chars_001.bmp,1347
站,U+7AD9,1,chars_001.bmp,1348
剖,U+5256,1,chars_001.bmp,1349
竞,U+7ADE,1,chars_001.bmp,1350
部,U+90E8,1,chars_001.bmp,1351
旁,U+65C1,1,chars_001.bmp,1352
旆,U+65C6,1,chars_001.bmp,1353
旄,U+65C4,1,chars_001.bmp,1354
旅,U+65C5,1,chars_001.bmp,1355
旃,U+65C3,1,chars_001.bmp,1356
畜,U+755C,1,chars_001.bmp,1357
阃,U+9603,1,chars_001.bmp,1358
阄,U+9604,1,chars_001.bmp,1359
阅,U+9605,1,chars_001.bmp,1360
阆,U+9606,1,chars_001.bmp,1361
羞,U+7F9E,1,chars_001.bmp,1362
羔,U+7F94,1,chars_001.bmp,1363
恙,U+6059,1,chars_001.bmp,1364
瓶,U+74F6,1,chars_001.bmp,1365
桊,U+684A,1,chars_001.bmp,1366
拳,U+62F3,1,chars_001.bmp,1367
敉,U+6549,1,chars_001.bmp,1368
粉,U+7C89,1,chars_001.bmp,1369
料,U+6599,1,chars_001.bmp,1370
粑,U+7C91,1,chars_001.bmp,1371
益,U+76CA,1,chars_001.bmp,1372
兼,U+517C,1,chars_001.bmp,1373
朔,U+6714,1,chars_001.bmp,1374
郸,U+90F8,1,chars_001.bmp,1375
烤,U+70E4,1,chars_001.bmp,1376
烘,U+70D8,1,chars_001.bmp,1377
烜,U+70DC,1,chars_001.bmp,1378
烦,U+70E6,1,chars_001.bmp,1379
烧,U+70E7,1,chars_001.bmp,1380
烛,U+70DB,1,chars_001.bmp,1381
烟,U+70DF,1,chars_001.bmp,1382
烨,U+70E8,1,chars_001.bmp,1383
烩,U+70E9,1,chars_001.bmp,1384
烙,U+70D9,1,chars_001.bmp,1385
烊,U+70CA,1,chars_001.bmp,1386
剡,U+5261,1,chars_001.bmp,1387
郯,U+90EF,1,chars_001.bmp,1388
烬,U+70EC,1,chars_001.bmp,1389
递,U+9012,1,chars_001.bmp,1390
涛,U+6D9B,1,chars_001.bmp,1391
浙,U+6D59,1,chars_001.bmp,1392
涝,U+6D9D,1,chars_001.bmp,1393
浡,U+6D61,1,chars_001.bmp,1394
浦,U+6D66,1,chars_001.bmp,1395
涑,U+6D91,1,chars_001.bmp,1396
浯,U+6D6F,1,chars_001.bmp,1397
酒,U+9152,1,chars_001.bmp,1398
涞,U+6D9E,1,chars_001.bmp,1399
涟,U+6D9F,1,chars_001.bmp,1400
涉,U+6D89,1,chars_001.bmp,1401
娑,U+5A11,1,chars_001.bmp,1402
消,U+6D88,1,chars_001.bmp,1403
涅,U+6D85,1,chars_001.bmp,1404
涠,U+6DA0,1,chars_001.bmp,1405
浞,U+6D5E,1,chars_001.bmp,1406
涓,U+6D93,1,chars_001.bmp,1407
涢,U+6DA2,1,chars_001.bmp,1408
涡,U+6DA1,1,chars_001.bmp,1409
浥,U+6D65,1,chars_001.bmp,1410
涔,U+6D94,1,chars_001.bmp,1411
浩,U+6D69,1,chars_001.bmp,1412
海,U+6D77,1,chars_001.bmp,1413
浜,U+6D5C,1,chars_001.bmp,1414
涂,U+6D82,1,chars_001.bmp,1415
浠,U+6D60,1,chars_001.bmp,1416
浴,U+6D74,1,chars_001.bmp,1417
浮,U+6D6E,1,chars_001.bmp,1418
涣,U+6DA3,1,chars_001.bmp,1419
浼,U+6D7C,1,chars_001.bmp,1420
涤,U+6DA4,1,chars_001.bmp,1421
流,U+6D41,1,chars_001.bmp,1422
润,U+6DA6,1,chars_001.bmp,1423
涧,U+6DA7,1,chars_001.bmp,1424
涕,U+6D95,1,chars_001.bmp,1425
浣,U+6D63,1,chars_001.bmp,1426
浪,U+6D6A,1,chars_001.bmp,1427
浸,U+6D78,1,chars_001.bmp,1428
涨,U+6DA8,1,chars_001.bmp,1429
烫,U+70EB,1,chars_001.bmp,1430
涩,U+6DA9,1,chars_001.bmp,1431
涌,U+6D8C,1,chars_001.bmp,1432
涘,U+6D98,1,chars_001.bmp,1433
浚,U+6D5A,1,chars_001.bmp,1434
悖,U+6096,1,chars_001.bmp,1435
悚,U+609A,1,chars_001.bmp,1436
悟,U+609F,1,chars_001.bmp,1437
悭,U+60AD,1,chars_001.bmp,1438
悄,U+6084,1,chars_001.bmp,1439
悍,U+608D,1,chars_001.bmp,1440
悝,U+609D,1,chars_001.bmp,1441
悃,U+6083,1,chars_001.bmp,1442
悒,U+6092,1,chars_001.bmp,1443
悔,U+6094,1,chars_001.bmp,1444
悯,U+60AF,1,chars_001.bmp,1445
悦,U+60A6,1,chars_001.bmp,1446
悌,U+608C,1,chars_001.bmp,1447
悢,U+60A2,1,chars_001.bmp,1448
悛,U+609B,1,chars_001.bmp,1449
害,U+5BB3,1,chars_001.bmp,1450
宽,U+5BBD,1,chars_001.bmp,1451
宸,U+5BB8,1,chars_001.bmp,1452
家,U+5BB6,1,chars_001.bmp,1453
宵,U+5BB5,1,chars_001.bmp,1454
宴,U+5BB4,1,chars_001.bmp,1455
宾,U+5BBE,1,chars_001.bmp,1456
窍,U+7A8D,1,chars_001.bmp,1457
窅,U+7A85,1,chars_001.bmp,1458
窄,U+7A84,1,chars_001.bmp,1459
容,U+5BB9,1,chars_001.bmp,1460
窈,U+7A88,1,chars_001.bmp,1461
剜,U+525C,1,chars_001.bmp,1462
宰,U+5BB0,1,chars_001.bmp,1463
案,U+6848,1,chars_001.bmp,1464
请,U+8BF7,1,chars_001.bmp,1465
朗,U+6717,1,chars_001.bmp,1466
诸,U+8BF8,1,chars_001.bmp,1467
诹,U+8BF9,1,chars_001.bmp,1468
诺,U+8BFA,1,chars_001.bmp,1469
读,U+8BFB,1,chars_001.bmp,1470
扅,U+6245,1,chars_001.bmp,1471
诼,U+8BFC,1,chars_001.bmp,1472
冢,U+51A2,1,chars_001.bmp,1473
扇,U+6247,1,chars_001.bmp,1474
诽,U+8BFD,1,chars_001.bmp,1475
袜,U+889C,1,chars_001.bmp,1476
袪,U+88AA,1,chars_001.bmp,1477
袒,U+8892,1,chars_001.bmp,1478
袖,U+8896,1,chars_001.bmp,1479
袗,U+8897,1,chars_001.bmp,1480
袍,U+888D,1,chars_001.bmp,1481
袢,U+88A2,1,chars_001.bmp,1482
被,U+88AB,1,chars_001.bmp,1483
袯,U+88AF,1,chars_001.bmp,1484
祯,U+796F,1,chars_001.bmp,1485
祧,U+7967,1,chars_001.bmp,1486
祥,U+7965,1,chars_001.bmp,1487
课,U+8BFE,1,chars_001.bmp,1488
冥,U+51A5,1,chars_001.bmp,1489
诿,U+8BFF,1,chars_001.bmp,1490
谀,U+8C00,1,chars_001.bmp,1491
谁,U+8C01,1,chars_001.bmp,1492
谂,U+8C02,1,chars_001.bmp,1493
调,U+8C03,1,chars_001.bmp,1494
冤,U+51A4,1,chars_001.bmp,1495
谄,U+8C04,1,chars_001.bmp,1496
谅,U+8C05,1,chars_001.bmp,1497
谆,U+8C06,1,chars_001.bmp,1498
谇,U+8C07,1,chars_001.bmp,1499
谈,U+8C08,1,chars_001.bmp,1500
谊,U+8C0A,1,chars_001.bmp,1501
剥,U+5265,1,chars_001.bmp,1502
恳,U+6073,1,chars_001.bmp,1503
展,U+5C55,1,chars_001.bmp,1504
剧,U+5267,1,chars_001.bmp,1505
屑,U+5C51,1,chars_001.bmp,1506
屐,U+5C50,1,chars_001.bmp,1507
屙,U+5C59,1,chars_001.bmp,1508
弱,U+5F31,1,chars_001.bmp,1509
陵,U+9675,1,chars_001.bmp,1510
陬,U+966C,1,chars_001.bmp,1511
勐,U+52D0,1,chars_001.bmp,1512
奘,U+5958,1,chars_001.bmp,1513
疍,U+758D,1,chars_001.bmp,1514
牂,U+7242,1,chars_001.bmp,1515
蚩,U+86A9,1,chars_001.bmp,1516
祟,U+795F,1,chars_001.bmp,1517
陲,U+9672,1,chars_001.bmp,1518
陴,U+9674,1,chars_001.bmp,1519
陶,U+9676,1,chars_001.bmp,1520
陷,U+9677,1,chars_001.bmp,1521
陪,U+966A,1,chars_001.bmp,1522
烝,U+70DD,1,chars_001.bmp,1523
姬,U+59EC,1,chars_001.bmp,1524
娠,U+5A20,1,chars_001.bmp,1525
娱,U+5A31,1,chars_001.bmp,1526
娌,U+5A0C,1,chars_001.bmp,1527
娉,U+5A09,1,chars_001.bmp,1528
娟,U+5A1F,1,chars_001.bmp,1529
娲,U+5A32,1,chars_001.bmp,1530
恕,U+6055,1,chars_001.bmp,1531
娥,U+5A25,1,chars_001.bmp,1532
娩,U+5A29,1,chars_001.bmp,1533
娴,U+5A34,1,chars_001.bmp,1534
娣,U+5A23,1,chars_001.bmp,1535
娘,U+5A18,1,chars_001.bmp,1536
娓,U+5A13,1,chars_001.bmp,1537
婀,U+5A40,1,chars_001.bmp,1538
砮,U+782E,1,chars_001.bmp,1539
哿,U+54FF,1,chars_001.bmp,1540
畚,U+755A,1,chars_001.bmp,1541
通,U+901A,1,chars_001.bmp,1542
能,U+80FD,1,chars_001.bmp,1543
难,U+96BE,1,chars_001.bmp,1544
逡,U+9021,1,chars_001.bmp,1545
预,U+9884,1,chars_001.bmp,1546
桑,U+6851,1,chars_001.bmp,1547
剟,U+525F,1,chars_001.bmp,1548
绠,U+7EE0,1,chars_001.bmp,1549
骊,U+9A8A,1,chars_001.bmp,1550
绡,U+7EE1,1,chars_001.bmp,1551
骋,U+9A8B,1,chars_001.bmp,1552
绢,U+7EE2,1,chars_001.bmp,1553
绣,U+7EE3,1,chars_001.bmp,1554
验,U+9A8C,1,chars_001.bmp,1555
绤,U+7EE4,1,chars_001.bmp,1556
绥,U+7EE5,1,chars_001.bmp,1557
绦,U+7EE6,1,chars_001.bmp,1558
骍,U+9A8D,1,chars_001.bmp,1559
继,U+7EE7,1,chars_001.bmp,1560
绨,U+7EE8,1,chars_001.bmp,1561
骎,U+9A8E,1,chars_001.bmp,1562
骏,U+9A8F,1,chars_001.bmp,1563
邕,U+9095,1,chars_001.bmp,1564
鸶,U+9E36,1,chars_001.bmp,1565
彗,U+5F57,1,chars_001.bmp,1566
耜,U+801C,1,chars_001.bmp,1567
焘,U+7118,1,chars_001.bmp,1568
舂,U+8202,1,chars_001.bmp,1569
琎,U+740E,1,chars_001.bmp,1570
球,U+7403,1,chars_001.bmp,1571
琏,U+740F,1,chars_001.bmp,1572
琐,U+7410,1,chars_001.bmp,1573
理,U+7406,1,chars_001.bmp,1574
琇,U+7407,1,chars_001.bmp,1575
麸,U+9EB8,1,chars_001.bmp,1576
琉,U+7409,1,chars_001.bmp,1577
琅,U+7405,1,chars_001.bmp,1578
捧,U+6367,1,chars_001.bmp,1579
掭,U+63AD,1,chars_001.bmp,1580
堵,U+5835,1,chars_001.bmp,1581
揶,U+63F6,1,chars_001.bmp,1582
措,U+63AA,1,chars_001.bmp,1583
描,U+63CF,1,chars_001.bmp,1584
埴,U+57F4,1,chars_001.bmp,1585
域,U+57DF,1,chars_001.bmp,1586
捺,U+637A,1,chars_001.bmp,1587
掎,U+638E,1,chars_001.bmp,1588
埼,U+57FC,1,chars_001.bmp,1589
掩,U+63A9,1,chars_001.bmp,1590
埯,U+57EF,1,chars_001.bmp,1591
捷,U+6377,1,chars_001.bmp,1592
捯,U+636F,1,chars_001.bmp,1593
排,U+6392,1,chars_001.bmp,1594
焉,U+7109,1,chars_001.bmp,1595
掉,U+6389,1,chars_001.bmp,1596
掳,U+63B3,1,chars_001.bmp,1597
掴,U+63B4,1,chars_001.bmp,1598
埸,U+57F8,1,chars_001.bmp,1599
堌,U+580C,1,chars_001.bmp,1600
捶,U+6376,1,chars_001.bmp,1601
赦,U+8D66,1,chars_001.bmp,1602
赧,U+8D67,1,chars_001.bmp,1603
推,U+63A8,1,chars_001.bmp,1604
堆,U+5806,1,chars_001.bmp,1605
捭,U+636D,1,chars_001.bmp,1606
埠,U+57E0,1,chars_001.bmp,1607
晳,U+6673,1,chars_001.bmp,1608
掀,U+6380,1,chars_001.bmp,1609
逵,U+9035,1,chars_001.bmp,1610
授,U+6388,1,chars_001.bmp,1611
捻,U+637B,1,chars_001.bmp,1612
埝,U+57DD,1,chars_001.bmp,1613
堋,U+580B,1,chars_001.bmp,1614
教,U+6559,1,chars_001.bmp,1615
堍,U+580D,1,chars_001.bmp,1616
掏,U+638F,1,chars_001.bmp,1617
掐,U+6390,1,chars_001.bmp,1618
掬,U+63AC,1,chars_001.bmp,1619
鸷,U+9E37,1,chars_001.bmp,1620
掠,U+63A0,1,chars_001.bmp,1621
掂,U+6382,1,chars_001.bmp,1622
掖,U+6396,1,chars_001.bmp,1623
培,U+57F9,1,chars_001.bmp,1624
掊,U+638A,1,chars_001.bmp,1625
接,U+63A5,1,chars_001.bmp,1626
堉,U+5809,1,chars_001.bmp,1627
掷,U+63B7,1,chars_001.bmp,1628
掸,U+63B8,1,chars_001.bmp,1629
控,U+63A7,1,chars_001.bmp,1630
捩,U+6369,1,chars_001.bmp,1631
掮,U+63AE,1,chars_001.bmp,1632
探,U+63A2,1,chars_001.bmp,1633
悫,U+60AB,1,chars_001.bmp,1634
埭,U+57ED,1,chars_001.bmp,1635
埽,U+57FD,1,chars_001.bmp,1636
据,U+636E,1,chars_001.bmp,1637
掘,U+6398,1,chars_001.bmp,1638
掺,U+63BA,1,chars_001.bmp,1639
掇,U+6387,1,chars_001.bmp,1640
掼,U+63BC,1,chars_001.bmp,1641
职,U+804C,1,chars_001.bmp,1642
聃,U+8043,1,chars_001.bmp,1643
基,U+57FA,1,chars_001.bmp,1644
聆,U+8046,1,chars_001.bmp,1645
勘,U+52D8,1,chars_001.bmp,1646
聊,U+804A,1,chars_001.bmp,1647
聍,U+804D,1,chars_001.bmp,1648
娶,U+5A36,1,chars_001.bmp,1649
菁,U+83C1,1,chars_001.bmp,1650
菝,U+83DD,1,chars_001.bmp,1651
著,U+8457,1,chars_001.bmp,1652
菱,U+83F1,1,chars_001.bmp,1653
萁,U+8401,1,chars_001.bmp,1654
菥,U+83E5,1,chars_001.bmp,1655
菘,U+83D8,1,chars_001.bmp,1656
堇,U+5807,1,chars_001.bmp,1657
勒,U+52D2,1,chars_001.bmp,1658
黄,U+9EC4,1,chars_001.bmp,1659
萘,U+8418,1,chars_001.bmp,1660
萋,U+840B,1,chars_001.bmp,1661
勚,U+52DA,1,chars_001.bmp,1662
菲,U+83F2,1,chars_001.bmp,1663
菽,U+83FD,1,chars_001.bmp,1664
菖,U+83D6,1,chars_001.bmp,1665
萌,U+840C,1,chars_001.bmp,1666
萜,U+841C,1,chars_001.bmp,1667
萝,U+841D,1,chars_001.bmp,1668
菌,U+83CC,1,chars_001.bmp,1669
萎,U+840E,1,chars_001.bmp,1670
萸,U+8438,1,chars_001.bmp,1671
萑,U+8411,1,chars_001.bmp,1672
菂,U+83C2,1,chars_001.bmp,1673
菜,U+83DC,1,chars_001.bmp,1674
棻,U+68FB,1,chars_001.bmp,1675
菔,U+83D4,1,chars_001.bmp,1676
菟,U+83DF,1,chars_001.bmp,1677
萄,U+8404,1,chars_001.bmp,1678
萏,U+840F,1,chars_001.bmp,1679
菊,U+83CA,1,chars_001.bmp,1680
萃,U+8403,1,chars_001.bmp,1681
菩,U+83E9,1,chars_001.bmp,1682
菼,U+83FC,1,chars_001.bmp,1683
菏,U+83CF,1,chars_001.bmp,1684
萍,U+840D,1,chars_001.bmp,1685
菹,U+83F9,1,chars_001.bmp,1686
菠,U+83E0,1,chars_001.bmp,1687
菪,U+83EA,1,chars_001.bmp,1688
菅,U+83C5,1,chars_001.bmp,1689
菀,U+83C0,1,chars_001.bmp,1690
萤,U+8424,1,chars_001.bmp,1691
营,U+8425,1,chars_001.bmp,1692
萦,U+8426,1,chars_001.bmp,1693
乾,U+4E7E,1,chars_001.bmp,1694
萧,U+8427,1,chars_001.bmp,1695
菰,U+83F0,1,chars_001.bmp,1696
菡,U+83E1,1,chars_001.bmp,1697
萨,U+8428,1,chars_001.bmp,1698
菇,U+83C7,1,chars_001.bmp,1699
械,U+68B0,1,chars_001.bmp,1700
梽,U+68BD,1,chars_001.bmp,1701
彬,U+5F6C,1,chars_001.bmp,1702
梵,U+68B5,1,chars_001.bmp,1703
梦,U+68A6,1,chars_001.bmp,1704
婪,U+5A6A,1,chars_001.bmp,1705
梗,U+6897,1,chars_001.bmp,1706
梧,U+68A7,1,chars_001.bmp,1707
梾,U+68BE,1,chars_001.bmp,1708
梢,U+68A2,1,chars_001.bmp,1709
梏,U+688F,1,chars_001.bmp,1710
梅,U+6885,1,chars_001.bmp,1711
觋,U+89CB,1,chars_001.bmp,1712
检,U+68C0,1,chars_001.bmp,1713
桷,U+6877,1,chars_001.bmp,1714
梓,U+6893,1,chars_001.bmp,1715
梳,U+68B3,1,chars_001.bmp,1716
棁,U+68C1,1,chars_001.bmp,1717
梯,U+68AF,1,chars_001.bmp,1718
桫,U+686B,1,chars_001.bmp,1719
棂,U+68C2,1,chars_001.bmp,1720
桶,U+6876,1,chars_001.bmp,1721
梭,U+68AD,1,chars_001.bmp,1722
救,U+6551,1,chars_001.bmp,1723
啬,U+556C,1,chars_001.bmp,1724
郾,U+90FE,1,chars_001.bmp,1725
匮,U+532E,1,chars_001.bmp,1726
曹,U+66F9,1,chars_001.bmp,1727
敕,U+6555,1,chars_001.bmp,1728
副,U+526F,1,chars_001.bmp,1729
豉,U+8C49,1,chars_001.bmp,1730
票,U+7968,1,chars_001.bmp,1731
鄄,U+9104,1,chars_001.bmp,1732
酝,U+915D,1,chars_001.bmp,1733
酞,U+915E,1,chars_001.bmp,1734
酗,U+9157,1,chars_001.bmp,1735
酚,U+915A,1,chars_001.bmp,1736
厢,U+53A2,1,chars_001.bmp,1737
厣,U+53A3,1,chars_001.bmp,1738
戚,U+621A,1,chars_001.bmp,1739
戛,U+621B,1,chars_001.bmp,1740
硎,U+784E,1,chars_001.bmp,1741
硅,U+7845,1,chars_001.bmp,1742
硭,U+786D,1,chars_001.bmp,1743
硒,U+7852,1,chars_001.bmp,1744
硕,U+7855,1,chars_001.bmp,1745
硖,U+7856,1,chars_001.bmp,1746
硗,U+7857,1,chars_001.bmp,1747
硐,U+7850,1,chars_001.bmp,1748
硚,U+785A,1,chars_001.bmp,1749
硇,U+7847,1,chars_001.bmp,1750
硌,U+784C,1,chars_001.bmp,1751
鸸,U+9E38,1,chars_001.bmp,1752
瓠,U+74E0,1,chars_001.bmp,1753
匏,U+530F,1,chars_001.bmp,1754
奢,U+5962,1,chars_001.bmp,1755
盔,U+76D4,1,chars_001.bmp,1756
爽,U+723D,1,chars_001.bmp,1757
厩,U+53A9,1,chars_001.bmp,1758
聋,U+804B,1,chars_001.bmp,1759
龚,U+9F9A,1,chars_001.bmp,1760
殒,U+6B92,1,chars_001.bmp,1761
殓,U+6B93,1,chars_001.bmp,1762
殍,U+6B8D,1,chars_001.bmp,1763
盛,U+76DB,1,chars_001.bmp,1764
赉,U+8D49,1,chars_001.bmp,1765
匾,U+533E,1,chars_001.bmp,1766
雩,U+96E9,1,chars_001.bmp,1767
雪,U+96EA,1,chars_001.bmp,1768
辄,U+8F84,1,chars_001.bmp,1769
辅,U+8F85,1,chars_001.bmp,1770
辆,U+8F86,1,chars_001.bmp,1771
堑,U+5811,1,chars_001.bmp,1772
龁,U+9F81,1,chars_001.bmp,1773
颅,U+9885,1,chars_001.bmp,1774
虚,U+865A,1,chars_001.bmp,1775
彪,U+5F6A,1,chars_001.bmp,1776
雀,U+96C0,1,chars_001.bmp,1777
堂,U+5802,1,chars_001.bmp,1778
常,U+5E38,1,chars_001.bmp,1779
眶,U+7736,1,chars_001.bmp,1780
眭,U+772D,1,chars_001.bmp,1781
唪,U+552A,1,chars_001.bmp,1782
眦,U+7726,1,chars_001.bmp,1783
啧,U+5567,1,chars_001.bmp,1784
匙,U+5319,1,chars_001.bmp,1785
晡,U+6661,1,chars_001.bmp,1786
晤,U+6664,1,chars_001.bmp,1787
晨,U+6668,1,chars_001.bmp,1788
眺,U+773A,1,chars_001.bmp,1789
眵,U+7735,1,chars_001.bmp,1790
睁,U+7741,1,chars_001.bmp,1791
眯,U+772F,1,chars_001.bmp,1792
眼,U+773C,1,chars_001.bmp,1793
眸,U+7738,1,chars_001.bmp,1794
悬,U+60AC,1,chars_001.bmp,1795
野,U+91CE,1,chars_001.bmp,1796
圊,U+570A,1,chars_001.bmp,1797
啪,U+556A,1,chars_001.bmp,1798
啦,U+5566,1,chars_001.bmp,1799
喏,U+558F,1,chars_001.bmp,1800
喵,U+55B5,1,chars_001.bmp,1801
啉,U+5549,1,chars_001.bmp,1802
勖,U+52D6,1,chars_001.bmp,1803
曼,U+66FC,1,chars_001.bmp,1804
晦,U+6666,1,chars_001.bmp,1805
晞,U+665E,1,chars_001.bmp,1806
晗,U+6657,1,chars_001.bmp,1807
晚,U+665A,1,chars_001.bmp,1808
冕,U+5195,1,chars_001.bmp,1809
啄,U+5544,1,chars_001.bmp,1810
啭,U+556D,1,chars_001.bmp,1811
啡,U+5561,1,chars_001.bmp,1812
畦,U+7566,1,chars_001.bmp,1813
趼,U+8DBC,1,chars_001.bmp,1814
趺,U+8DBA,1,chars_001.bmp,1815
距,U+8DDD,1,chars_001.bmp,1816
趾,U+8DBE,1,chars_001.bmp,1817
啃,U+5543,1,chars_001.bmp,1818
跃,U+8DC3,1,chars_001.bmp,1819
啮,U+556E,1,chars_001.bmp,1820
跄,U+8DC4,1,chars_001.bmp,1821
略,U+7565,1,chars_001.bmp,1822
蚶,U+86B6,1,chars_001.bmp,1823
蛄,U+86C4,1,chars_001.bmp,1824
蛎,U+86CE,1,chars_001.bmp,1825
蛆,U+86C6,1,chars_001.bmp,1826
蚰,U+86B0,1,chars_001.bmp,1827
蚺,U+86BA,1,chars_001.bmp,1828
蛊,U+86CA,1,chars_001.bmp,1829
圉,U+5709,1,chars_001.bmp,1830
蚱,U+86B1,1,chars_001.bmp,1831
蚯,U+86AF,1,chars_001.bmp,1832
蛉,U+86C9,1,chars_001.bmp,1833
蛀,U+86C0,1,chars_001.bmp,1834
蛇,U+86C7,1,chars_001.bmp,1835
蛏,U+86CF,1,chars_001.bmp,1836
蚴,U+86B4,1,chars_001.bmp,1837
唬,U+552C,1,chars_001.bmp,1838
累,U+7D2F,1,chars_001.bmp,1839
鄂,U+9102,1,chars_001.bmp,1840
唱,U+5531,1,chars_001.bmp,1841
患,U+60A3,1,chars_001.bmp,1842
啰,U+5570,1,chars_001.bmp,1843
唾,U+553E,1,chars_001.bmp,1844
唯,U+552F,1,chars_001.bmp,1845
啤,U+5564,1,chars_001.bmp,1846
啥,U+5565,1,chars_001.bmp,1847
啁,U+5541,1,chars_001.bmp,1848
啕,U+5555,1,chars_001.bmp,1849
唿,U+553F,1,chars_001.bmp,1850
啐,U+5550,1,chars_001.bmp,1851
唼,U+553C,1,chars_001.bmp,1852
唷,U+5537,1,chars_001.bmp,1853
啴,U+5574,1,chars_001.bmp,1854
啖,U+5556,1,chars_001.bmp,1855
啵,U+5575,1,chars_001.bmp,1856
啶,U+5576,1,chars_001.bmp,1857
啷,U+5577,1,chars_001.bmp,1858
唳,U+5533,1,chars_001.bmp,1859
啸,U+5578,1,chars_001.bmp,1860
啜,U+555C,1,chars_001.bmp,1861
帻,U+5E3B,1,chars_001.bmp,1862
崖,U+5D16,1,chars_001.bmp,1863
崎,U+5D0E,1,chars_001.bmp,1864
崦,U+5D26,1,chars_001.bmp,1865
崭,U+5D2D,1,chars_001.bmp,1866
逻,U+903B,1,chars_001.bmp,1867
帼,U+5E3C,1,chars_001.bmp,1868
崮,U+5D2E,1,chars_001.bmp,1869
崔,U+5D14,1,chars_001.bmp,1870
帷,U+5E37,1,chars_001.bmp,1871
崟,U+5D1F,1,chars_001.bmp,1872
崤,U+5D24,1,chars_001.bmp,1873
崩,U+5D29,1,chars_001.bmp,1874
崞,U+5D1E,1,chars_001.bmp,1875
崇,U+5D07,1,chars_001.bmp,1876
崆,U+5D06,1,chars_001.bmp,1877
崛,U+5D1B,1,chars_001.bmp,1878
赇,U+8D47,1,chars_001.bmp,1879
赈,U+8D48,1,chars_001.bmp,1880
婴,U+5A74,1,chars_001.bmp,1881
圈,U+5708,1,chars_001.bmp,1882
铐,U+94D0,1,chars_001.bmp,1883
铑,U+94D1,1,chars_001.bmp,1884
铒,U+94D2,1,chars_001.bmp,1885
铕,U+94D5,1,chars_001.bmp,1886
铗,U+94D7,1,chars_001.bmp,1887
铘,U+94D8,1,chars_001.bmp,1888
铙,U+94D9,1,chars_001.bmp,1889
铚,U+94DA,1,chars_001.bmp,1890
铛,U+94DB,1,chars_001.bmp,1891
铜,U+94DC,1,chars_001.bmp,1892
铝,U+94DD,1,chars_001.bmp,1893
铞,U+94DE,1,chars_001.bmp,1894
铟,U+94DF,1,chars_001.bmp,1895
铠,U+94E0,1,chars_001.bmp,1896
铡,U+94E1,1,chars_001.bmp,1897
铢,U+94E2,1,chars_001.bmp,1898
铣,U+94E3,1,chars_001.bmp,1899
铤,U+94E4,1,chars_001.bmp,1900
铥,U+94E5,1,chars_001.bmp,1901
铧,U+94E7,1,chars_001.bmp,1902
铨,U+94E8,1,chars_001.bmp,1903
铩,U+94E9,1,chars_001.bmp,1904
铪,U+94EA,1,chars_001.bmp,1905
铫,U+94EB,1,chars_001.bmp,1906
铭,U+94ED,1,chars_001.bmp,1907
铬,U+94EC,1,chars_001.bmp,1908
铮,U+94EE,1,chars_001.bmp,1909
铯,U+94EF,1,chars_001.bmp,1910
铰,U+94F0,1,chars_001.bmp,1911
铱,U+94F1,1,chars_001.bmp,1912
铲,U+94F2,1,chars_001.bmp,1913
铳,U+94F3,1,chars_001.bmp,1914
铴,U+94F4,1,chars_001.bmp,1915
铵,U+94F5,1,chars_001.bmp,1916
银,U+94F6,1,chars_001.bmp,1917
铷,U+94F7,1,chars_001.bmp,1918
矫,U+77EB,1,chars_001.bmp,1919
氪,U+6C2A,1,chars_001.bmp,1920
牾,U+727E,1,chars_001.bmp,1921
甜,U+751C,1,chars_001.bmp,1922
鸹,U+9E39,1,chars_001.bmp,1923
秸,U+79F8,1,chars_001.bmp,1924
梨,U+68A8,1,chars_001.bmp,1925
犁,U+7281,1,chars_001.bmp,1926
稆,U+7A06,1,chars_001.bmp,1927
秽,U+79FD,1,chars_001.bmp,1928
移,U+79FB,1,chars_001.bmp,1929
秾,U+79FE,1,chars_001.bmp,1930
逶,U+9036,1,chars_001.bmp,1931
笺,U+7B3A,1,chars_001.bmp,1932
筇,U+7B47,1,chars_001.bmp,1933
笨,U+7B28,1,chars_001.bmp,1934
笸,U+7B38,1,chars_001.bmp,1935
笼,U+7B3C,1,chars_001.bmp,1936
笪,U+7B2A,1,chars_001.bmp,1937
笛,U+7B1B,1,chars_001.bmp,1938
笙,U+7B19,1,chars_001.bmp,1939
笮,U+7B2E,1,chars_001.bmp,1940
符,U+7B26,1,chars_001.bmp,1941
笱,U+7B31,1,chars_001.bmp,1942
笠,U+7B20,1,chars_001.bmp,1943
笥,U+7B25,1,chars_001.bmp,1944
第,U+7B2C,1,chars_001.bmp,1945
笳,U+7B33,1,chars_001.bmp,1946
笤,U+7B24,1,chars_001.bmp,1947
笾,U+7B3E,1,chars_001.bmp,1948
笞,U+7B1E,1,chars_001.bmp,1949
敏,U+654F,1,chars_001.bmp,1950
偾,U+507E,1,chars_001.bmp,1951
做,U+505A,1,chars_001.bmp,1952
鸺,U+9E3A,1,chars_001.bmp,1953
偃,U+5043,1,chars_001.bmp,1954
偕,U+5055,1,chars_001.bmp,1955
袋,U+888B,1,chars_001.bmp,1956
悠,U+60A0,1,chars_001.bmp,1957
偿,U+507F,1,chars_001.bmp,1958
偶,U+5076,1,chars_001.bmp,1959
偈,U+5048,1,chars_001.bmp,1960
偎,U+504E,1,chars_001.bmp,1961
偲,U+5072,1,chars_001.bmp,1962
傀,U+5080,1,chars_001.bmp,1963
偷,U+5077,1,chars_001.bmp,1964
您,U+60A8,1,chars_001.bmp,1965
偬,U+506C,1,chars_001.bmp,1966
售,U+552E,1,chars_001.bmp,1967
停,U+505C,1,chars_001.bmp,1968
偻,U+507B,1,chars_001.bmp,1969
偏,U+504F,1,chars_001.bmp,1970
躯,U+8EAF,1,chars_001.bmp,1971
皑,U+7691,1,chars_001.bmp,1972
兜,U+515C,1,chars_001.bmp,1973
皎,U+768E,1,chars_001.bmp,1974
假,U+5047,1,chars_001.bmp,1975
衅,U+8845,1,chars_001.bmp,1976
鸻,U+9E3B,1,chars_001.bmp,1977
徘,U+5F98,1,chars_001.bmp,1978
徙,U+5F99,1,chars_001.bmp,1979
得,U+5F97,1,chars_001.bmp,1980
衔,U+8854,1,chars_001.bmp,1981
舸,U+8238,1,chars_001.bmp,1982
舻,U+823B,1,chars_001.bmp,1983
舳,U+8233,1,chars_002.bmp,0
盘,U+76D8,1,chars_002.bmp,1
舴,U+8234,1,chars_002.bmp,2
舶,U+8236,1,chars_002.bmp,3
船,U+8239,1,chars_002.bmp,4
鸼,U+9E3C,1,chars_002.bmp,5
舷,U+8237,1,chars_002.bmp,6
舵,U+8235,1,chars_002.bmp,7
斜,U+659C,1,chars_002.bmp,8
龛,U+9F9B,1,chars_002.bmp,9
盒,U+76D2,1,chars_002.bmp,10
鸽,U+9E3D,1,chars_002.bmp,11
瓻,U+74FB,1,chars_002.bmp,12
敛,U+655B,1,chars_002.bmp,13
悉,U+6089,1,chars_002.bmp,14
欲,U+6B32,1,chars_002.bmp,15
彩,U+5F69,1,chars_002.bmp,16
领,U+9886,1,chars_002.bmp,17
翎,U+7FCE,1,chars_002.bmp,18
脚,U+811A,1,chars_002.bmp,19
脖,U+8116,1,chars_002.bmp,20
脯,U+812F,1,chars_002.bmp,21
豚,U+8C5A,1,chars_002.bmp,22
脶,U+8136,1,chars_002.bmp,23
脸,U+8138,1,chars_002.bmp,24
脞,U+811E,1,chars_002.bmp,25
脬,U+812C,1,chars_002.bmp,26
脱,U+8131,1,chars_002.bmp,27
脘,U+8118,1,chars_002.bmp,28
脲,U+8132,1,chars_002.bmp,29
朘,U+6718,1,chars_002.bmp,30
匐,U+5310,1,chars_002.bmp,31
鱾,U+9C7E,1,chars_002.bmp,32
象,U+8C61,1,chars_002.bmp,33
够,U+591F,1,chars_002.bmp,34
逸,U+9038,1,chars_002.bmp,35
猜,U+731C,1,chars_002.bmp,36
猪,U+732A,1,chars_002.bmp,37
猎,U+730E,1,chars_002.bmp,38
猫,U+732B,1,chars_002.bmp,39
猗,U+7317,1,chars_002.bmp,40
凰,U+51F0,1,chars_002.bmp,41
猖,U+7316,1,chars_002.bmp,42
猡,U+7321,1,chars_002.bmp,43
猊,U+730A,1,chars_002.bmp,44
猞,U+731E,1,chars_002.bmp,45
猄,U+7304,1,chars_002.bmp,46
猝,U+731D,1,chars_002.bmp,47
斛,U+659B,1,chars_002.bmp,48
觖,U+89D6,1,chars_002.bmp,49
猕,U+7315,1,chars_002.bmp,50
猛,U+731B,1,chars_002.bmp,51
馗,U+9997,1,chars_002.bmp,52
祭,U+796D,1,chars_002.bmp,53
馃,U+9983,1,chars_002.bmp,54
馄,U+9984,1,chars_002.bmp,55
馅,U+9985,1,chars_002.bmp,56
馆,U+9986,1,chars_002.bmp,57
凑,U+51D1,1,chars_002.bmp,58
减,U+51CF,1,chars_002.bmp,59
鸾,U+9E3E,1,chars_002.bmp,60
毫,U+6BEB,1,chars_002.bmp,61
孰,U+5B70,1,chars_002.bmp,62
烹,U+70F9,1,chars_002.bmp,63
庶,U+5EB6,1,chars_002.bmp,64
庹,U+5EB9,1,chars_002.bmp,65
麻,U+9EBB,1,chars_002.bmp,66
庵,U+5EB5,1,chars_002.bmp,67
庼,U+5EBC,1,chars_002.bmp,68
庳,U+5EB3,1,chars_002.bmp,69
痔,U+75D4,1,chars_002.bmp,70
痍,U+75CD,1,chars_002.bmp,71
疵,U+75B5,1,chars_002.bmp,72
痊,U+75CA,1,chars_002.bmp,73
痒,U+75D2,1,chars_002.bmp,74
痕,U+75D5,1,chars_002.bmp,75
廊,U+5ECA,1,chars_002.bmp,76
康,U+5EB7,1,chars_002.bmp,77
庸,U+5EB8,1,chars_002.bmp,78
鹿,U+9E7F,1,chars_002.bmp,79
盗,U+76D7,1,chars_002.bmp,80
章,U+7AE0,1,chars_002.bmp,81
竟,U+7ADF,1,chars_002.bmp,82
翊,U+7FCA,1,chars_002.bmp,83
商,U+5546,1,chars_002.bmp,84
旌,U+65CC,1,chars_002.bmp,85
族,U+65CF,1,chars_002.bmp,86
旎,U+65CE,1,chars_002.bmp,87
旋,U+65CB,1,chars_002.bmp,88
望,U+671B,1,chars_002.bmp,89
袤,U+88A4,1,chars_002.bmp,90
率,U+7387,1,chars_002.bmp,91
阇,U+9607,1,chars_002.bmp,92
阈,U+9608,1,chars_002.bmp,93
阉,U+9609,1,chars_002.bmp,94
阊,U+960A,1,chars_002.bmp,95
阋,U+960B,1,chars_002.bmp,96
阌,U+960C,1,chars_002.bmp,97
阍,U+960D,1,chars_002.bmp,98
阎,U+960E,1,chars_002.bmp,99
阏,U+960F,1,chars_002.bmp,100
阐,U+9610,1,chars_002.bmp,101
着,U+7740,1,chars_002.bmp,102
羚,U+7F9A,1,chars_002.bmp,103
羝,U+7F9D,1,chars_002.bmp,104
羟,U+7F9F,1,chars_002.bmp,105
盖,U+76D6,1,chars_002.bmp,106
眷,U+7737,1,chars_002.bmp,107
粝,U+7C9D,1,chars_002.bmp,108
粘,U+7C98,1,chars_002.bmp,109
粗,U+7C97,1,chars_002.bmp,110
粕,U+7C95,1,chars_002.bmp,111
粒,U+7C92,1,chars_002.bmp,112
断,U+65AD,1,chars_002.bmp,113
剪,U+526A,1,chars_002.bmp,114
兽,U+517D,1,chars_002.bmp,115
敝,U+655D,1,chars_002.bmp,116
焐,U+7110,1,chars_002.bmp,117
焊,U+710A,1,chars_002.bmp,118
烯,U+70EF,1,chars_002.bmp,119
焓,U+7113,1,chars_002.bmp,120
焕,U+7115,1,chars_002.bmp,121
烽,U+70FD,1,chars_002.bmp,122
焖,U+7116,1,chars_002.bmp,123
烷,U+70F7,1,chars_002.bmp,124
烺,U+70FA,1,chars_002.bmp,125
焌,U+710C,1,chars_002.bmp,126
清,U+6E05,1,chars_002.bmp,127
渍,U+6E0D,1,chars_002.bmp,128
添,U+6DFB,1,chars_002.bmp,129
渚,U+6E1A,1,chars_002.bmp,130
鸿,U+9E3F,1,chars_002.bmp,131
淇,U+6DC7,1,chars_002.bmp,132
淋,U+6DCB,1,chars_002.bmp,133
淅,U+6DC5,1,chars_002.bmp,134
淞,U+6DDE,1,chars_002.bmp,135
渎,U+6E0E,1,chars_002.bmp,136
涯,U+6DAF,1,chars_002.bmp,137
淹,U+6DF9,1,chars_002.bmp,138
涿,U+6DBF,1,chars_002.bmp,139
渠,U+6E20,1,chars_002.bmp,140
渐,U+6E10,1,chars_002.bmp,141
淑,U+6DD1,1,chars_002.bmp,142
淖,U+6DD6,1,chars_002.bmp,143
挲,U+6332,1,chars_002.bmp,144
淌,U+6DCC,1,chars_002.bmp,145
淏,U+6DCF,1,chars_002.bmp,146
混,U+6DF7,1,chars_002.bmp,147
淠,U+6DE0,1,chars_002.bmp,148
涸,U+6DB8,1,chars_002.bmp,149
渑,U+6E11,1,chars_002.bmp,150
淮,U+6DEE,1,chars_002.bmp,151
淦,U+6DE6,1,chars_002.bmp,152
淆,U+6DC6,1,chars_002.bmp,153
渊,U+6E0A,1,chars_002.bmp,154
淫,U+6DEB,1,chars_002.bmp,155
淝,U+6DDD,1,chars_002.bmp,156
渔,U+6E14,1,chars_002.bmp,157
淘,U+6DD8,1,chars_002.bmp,158
淳,U+6DF3,1,chars_002.bmp,159
液,U+6DB2,1,chars_002.bmp,160
淬,U+6DEC,1,chars_002.bmp,161
涪,U+6DAA,1,chars_002.bmp,162
淤,U+6DE4,1,chars_002.bmp,163
淡,U+6DE1,1,chars_002.bmp,164
淙,U+6DD9,1,chars_002.bmp,165
淀,U+6DC0,1,chars_002.bmp,166
涫,U+6DAB,1,chars_002.bmp,167
深,U+6DF1,1,chars_002.bmp,168
渌,U+6E0C,1,chars_002.bmp,169
涮,U+6DAE,1,chars_002.bmp,170
涵,U+6DB5,1,chars_002.bmp,171
婆,U+5A46,1,chars_002.bmp,172
梁,U+6881,1,chars_002.bmp,173
渗,U+6E17,1,chars_002.bmp,174
淄,U+6DC4,1,chars_002.bmp,175
情,U+60C5,1,chars_002.bmp,176
惬,U+60EC,1,chars_002.bmp,177
悻,U+60BB,1,chars_002.bmp,178
惜,U+60DC,1,chars_002.bmp,179
惭,U+60ED,1,chars_002.bmp,180
悱,U+60B1,1,chars_002.bmp,181
悼,U+60BC,1,chars_002.bmp,182
惝,U+60DD,1,chars_002.bmp,183
惧,U+60E7,1,chars_002.bmp,184
惕,U+60D5,1,chars_002.bmp,185
惘,U+60D8,1,chars_002.bmp,186
悸,U+60B8,1,chars_002.bmp,187
惟,U+60DF,1,chars_002.bmp,188
惆,U+60C6,1,chars_002.bmp,189
惚,U+60DA,1,chars_002.bmp,190
惊,U+60CA,1,chars_002.bmp,191
惇,U+60C7,1,chars_002.bmp,192
惦,U+60E6,1,chars_002.bmp,193
悴,U+60B4,1,chars_002.bmp,194
惮,U+60EE,1,chars_002.bmp,195
惋,U+60CB,1,chars_002.bmp,196
惨,U+60E8,1,chars_002.bmp,197
惯,U+60EF,1,chars_002.bmp,198
寇,U+5BC7,1,chars_002.bmp,199
寅,U+5BC5,1,chars_002.bmp,200
寄,U+5BC4,1,chars_002.bmp,201
寂,U+5BC2,1,chars_002.bmp,202
逭,U+902D,1,chars_002.bmp,203
宿,U+5BBF,1,chars_002.bmp,204
窒,U+7A92,1,chars_002.bmp,205
窑,U+7A91,1,chars_002.bmp,206
窕,U+7A95,1,chars_002.bmp,207
密,U+5BC6,1,chars_002.bmp,208
谋,U+8C0B,1,chars_002.bmp,209
谌,U+8C0C,1,chars_002.bmp,210
谍,U+8C0D,1,chars_002.bmp,211
谎,U+8C0E,1,chars_002.bmp,212
谏,U+8C0F,1,chars_002.bmp,213
扈,U+6248,1,chars_002.bmp,214
皲,U+76B2,1,chars_002.bmp,215
谐,U+8C10,1,chars_002.bmp,216
谑,U+8C11,1,chars_002.bmp,217
裆,U+88C6,1,chars_002.bmp,218
袱,U+88B1,1,chars_002.bmp,219
袼,U+88BC,1,chars_002.bmp,220
裈,U+88C8,1,chars_002.bmp,221
裉,U+88C9,1,chars_002.bmp,222
祷,U+7977,1,chars_002.bmp,223
祸,U+7978,1,chars_002.bmp,224
祲,U+7972,1,chars_002.bmp,225
谒,U+8C12,1,chars_002.bmp,226
谓,U+8C13,1,chars_002.bmp,227
谔,U+8C14,1,chars_002.bmp,228
谕,U+8C15,1,chars_002.bmp,229
谖,U+8C16,1,chars_002.bmp,230
谗,U+8C17,1,chars_002.bmp,231
谙,U+8C19,1,chars_002.bmp,232
谚,U+8C1A,1,chars_002.bmp,233
谛,U+8C1B,1,chars_002.bmp,234
谜,U+8C1C,1,chars_002.bmp,235
谝,U+8C1D,1,chars_002.bmp,236
逮,U+902E,1,chars_002.bmp,237
逯,U+902F,1,chars_002.bmp,238
敢,U+6562,1,chars_002.bmp,239
尉,U+5C09,1,chars_002.bmp,240
屠,U+5C60,1,chars_002.bmp,241
艴,U+8274,1,chars_002.bmp,242
弹,U+5F39,1,chars_002.bmp,243
隋,U+968B,1,chars_002.bmp,244
堕,U+5815,1,chars_002.bmp,245
郿,U+90FF,1,chars_002.bmp,246
随,U+968F,1,chars_002.bmp,247
蛋,U+86CB,1,chars_002.bmp,248
隅,U+9685,1,chars_002.bmp,249
隈,U+9688,1,chars_002.bmp,250
粜,U+7C9C,1,chars_002.bmp,251
隍,U+968D,1,chars_002.bmp,252
隗,U+9697,1,chars_002.bmp,253
隆,U+9686,1,chars_002.bmp,254
隐,U+9690,1,chars_002.bmp,255
婧,U+5A67,1,chars_002.bmp,256
婊,U+5A4A,1,chars_002.bmp,257
婞,U+5A5E,1,chars_002.bmp,258
婳,U+5A73,1,chars_002.bmp,259
婕,U+5A55,1,chars_002.bmp,260
娼,U+5A3C,1,chars_002.bmp,261
婢,U+5A62,1,chars_002.bmp,262
婚,U+5A5A,1,chars_002.bmp,263
婵,U+5A75,1,chars_002.bmp,264
婶,U+5A76,1,chars_002.bmp,265
婉,U+5A49,1,chars_002.bmp,266
胬,U+80EC,1,chars_002.bmp,267
袈,U+8888,1,chars_002.bmp,268
颇,U+9887,1,chars_002.bmp,269
颈,U+9888,1,chars_002.bmp,270
翌,U+7FCC,1,chars_002.bmp,271
恿,U+607F,1,chars_002.bmp,272
欸,U+6B38,1,chars_002.bmp,273
绩,U+7EE9,1,chars_002.bmp,274
绪,U+7EEA,1,chars_002.bmp,275
绫,U+7EEB,1,chars_002.bmp,276
骐,U+9A90,1,chars_002.bmp,277
续,U+7EED,1,chars_002.bmp,278
骑,U+9A91,1,chars_002.bmp,279
绮,U+7EEE,1,chars_002.bmp,280
绯,U+7EEF,1,chars_002.bmp,281
绰,U+7EF0,1,chars_002.bmp,282
骒,U+9A92,1,chars_002.bmp,283
绲,U+7EF2,1,chars_002.bmp,284
绳,U+7EF3,1,chars_002.bmp,285
骓,U+9A93,1,chars_002.bmp,286
维,U+7EF4,1,chars_002.bmp,287
绵,U+7EF5,1,chars_002.bmp,288
绶,U+7EF6,1,chars_002.bmp,289
绷,U+7EF7,1,chars_002.bmp,290
绸,U+7EF8,1,chars_002.bmp,291
绹,U+7EF9,1,chars_002.bmp,292
绺,U+7EFA,1,chars_002.bmp,293
绻,U+7EFB,1,chars_002.bmp,294
综,U+7EFC,1,chars_002.bmp,295
绽,U+7EFD,1,chars_002.bmp,296
绾,U+7EFE,1,chars_002.bmp,297
绿,U+7EFF,1,chars_002.bmp,298
骖,U+9A96,1,chars_002.bmp,299
缀,U+7F00,1,chars_002.bmp,300
缁,U+7F01,1,chars_002.bmp,301
巢,U+5DE2,1,chars_002.bmp,302
耠,U+8020,1,chars_002.bmp,303
琫,U+742B,1,chars_002.bmp,304
琵,U+7435,1,chars_002.bmp,305
琴,U+7434,1,chars_002.bmp,306
琶,U+7436,1,chars_002.bmp,307
琪,U+742A,1,chars_002.bmp,308
瑛,U+745B,1,chars_002.bmp,309
琳,U+7433,1,chars_002.bmp,310
琦,U+7426,1,chars_002.bmp,311
琢,U+7422,1,chars_002.bmp,312
琥,U+7425,1,chars_002.bmp,313
琨,U+7428,1,chars_002.bmp,314
靓,U+9753,1,chars_002.bmp,315
琼,U+743C,1,chars_002.bmp,316
斑,U+6591,1,chars_002.bmp,317
琰,U+7430,1,chars_002.bmp,318
琮,U+742E,1,chars_002.bmp,319
琯,U+742F,1,chars_002.bmp,320
琬,U+742C,1,chars_002.bmp,321
琛,U+741B,1,chars_002.bmp,322
琚,U+741A,1,chars_002.bmp,323
辇,U+8F87,1,chars_002.bmp,324
替,U+66FF,1,chars_002.bmp,325
鼋,U+9F0B,1,chars_002.bmp,326
揳,U+63F3,1,chars_002.bmp,327
揍,U+63CD,1,chars_002.bmp,328
款,U+6B3E,1,chars_002.bmp,329
堪,U+582A,1,chars_002.bmp,330
堞,U+581E,1,chars_002.bmp,331
搽,U+643D,1,chars_002.bmp,332
塔,U+5854,1,chars_002.bmp,333
搭,U+642D,1,chars_002.bmp,334
塃,U+5843,1,chars_002.bmp,335
揸,U+63F8,1,chars_002.bmp,336
堰,U+5830,1,chars_002.bmp,337
揠,U+63E0,1,chars_002.bmp,338
堙,U+5819,1,chars_002.bmp,339
揩,U+63E9,1,chars_002.bmp,340
越,U+8D8A,1,chars_002.bmp,341
趄,U+8D84,1,chars_002.bmp,342
趁,U+8D81,1,chars_002.bmp,343
趋,U+8D8B,1,chars_002.bmp,344
超,U+8D85,1,chars_002.bmp,345
揽,U+63FD,1,chars_002.bmp,346
提,U+63D0,1,chars_002.bmp,347
堤,U+5824,1,chars_002.bmp,348
揖,U+63D6,1,chars_002.bmp,349
博,U+535A,1,chars_002.bmp,350
揾,U+63FE,1,chars_002.bmp,351
颉,U+9889,1,chars_002.bmp,352
揭,U+63ED,1,chars_002.bmp,353
喜,U+559C,1,chars_002.bmp,354
彭,U+5F6D,1,chars_002.bmp,355
揣,U+63E3,1,chars_002.bmp,356
塄,U+5844,1,chars_002.bmp,357
揿,U+63FF,1,chars_002.bmp,358
插,U+63D2,1,chars_002.bmp,359
揪,U+63EA,1,chars_002.bmp,360
搜,U+641C,1,chars_002.bmp,361
煮,U+716E,1,chars_002.bmp,362
堠,U+5820,1,chars_002.bmp,363
耋,U+800B,1,chars_002.bmp,364
揄,U+63C4,1,chars_002.bmp,365
援,U+63F4,1,chars_002.bmp,366
搀,U+6400,1,chars_002.bmp,367
蛰,U+86F0,1,chars_002.bmp,368
蛩,U+86E9,1,chars_002.bmp,369
絷,U+7D77,1,chars_002.bmp,370
塆,U+5846,1,chars_002.bmp,371
裁,U+88C1,1,chars_002.bmp,372
揞,U+63DE,1,chars_002.bmp,373
搁,U+6401,1,chars_002.bmp,374
搓,U+6413,1,chars_002.bmp,375
搂,U+6402,1,chars_002.bmp,376
搅,U+6405,1,chars_002.bmp,377
揎,U+63CE,1,chars_002.bmp,378
壹,U+58F9,1,chars_002.bmp,379
握,U+63E1,1,chars_002.bmp,380
摒,U+6452,1,chars_002.bmp,381
揆,U+63C6,1,chars_002.bmp,382
搔,U+6414,1,chars_002.bmp,383
揉,U+63C9,1,chars_002.bmp,384
掾,U+63BE,1,chars_002.bmp,385
葜,U+845C,1,chars_002.bmp,386
聒,U+8052,1,chars_002.bmp,387
斯,U+65AF,1,chars_002.bmp,388
期,U+671F,1,chars_002.bmp,389
欺,U+6B3A,1,chars_002.bmp,390
联,U+8054,1,chars_002.bmp,391
葑,U+8451,1,chars_002.bmp,392
葚,U+845A,1,chars_002.bmp,393
葫,U+846B,1,chars_002.bmp,394
靰,U+9770,1,chars_002.bmp,395
靸,U+9778,1,chars_002.bmp,396
散,U+6563,1,chars_002.bmp,397
葳,U+8473,1,chars_002.bmp,398
惹,U+60F9,1,chars_002.bmp,399
蒇,U+8487,1,chars_002.bmp,400
葬,U+846C,1,chars_002.bmp,401
蒈,U+8488,1,chars_002.bmp,402
募,U+52DF,1,chars_002.bmp,403
葺,U+847A,1,chars_002.bmp,404
葛,U+845B,1,chars_002.bmp,405
蒉,U+8489,1,chars_002.bmp,406
葸,U+8478,1,chars_002.bmp,407
萼,U+843C,1,chars_002.bmp,408
蓇,U+84C7,1,chars_002.bmp,409
萩,U+8429,1,chars_002.bmp,410
董,U+8463,1,chars_002.bmp,411
葆,U+8446,1,chars_002.bmp,412
葩,U+8469,1,chars_002.bmp,413
敬,U+656C,1,chars_002.bmp,414
葱,U+8471,1,chars_002.bmp,415
蒋,U+848B,1,chars_002.bmp,416
葶,U+8476,1,chars_002.bmp,417
蒂,U+8482,1,chars_002.bmp,418
蒌,U+848C,1,chars_002.bmp,419
葓,U+8453,1,chars_002.bmp,420
蒎,U+848E,1,chars_002.bmp,421
落,U+843D,1,chars_002.bmp,422
萱,U+8431,1,chars_002.bmp,423
葖,U+8456,1,chars_002.bmp,424
韩,U+97E9,1,chars_002.bmp,425
戟,U+621F,1,chars_002.bmp,426
朝,U+671D,1,chars_002.bmp,427
葭,U+846D,1,chars_002.bmp,428
辜,U+8F9C,1,chars_002.bmp,429
葵,U+8475,1,chars_002.bmp,430
棒,U+68D2,1,chars_002.bmp,431
楮,U+696E,1,chars_002.bmp,432
棱,U+68F1,1,chars_002.bmp,433
棋,U+68CB,1,chars_002.bmp,434
椰,U+6930,1,chars_002.bmp,435
植,U+690D,1,chars_002.bmp,436
森,U+68EE,1,chars_002.bmp,437
棼,U+68FC,1,chars_002.bmp,438
焚,U+711A,1,chars_002.bmp,439
椟,U+691F,1,chars_002.bmp,440
椅,U+6905,1,chars_002.bmp,441
椒,U+6912,1,chars_002.bmp,442
棹,U+68F9,1,chars_002.bmp,443
棵,U+68F5,1,chars_002.bmp,444
棍,U+68CD,1,chars_002.bmp,445
椤,U+6924,1,chars_002.bmp,446
棰,U+68F0,1,chars_002.bmp,447
椎,U+690E,1,chars_002.bmp,448
棉,U+68C9,1,chars_002.bmp,449
椑,U+6911,1,chars_002.bmp,450
鹀,U+9E40,1,chars_002.bmp,451
赍,U+8D4D,1,chars_002.bmp,452
棚,U+68DA,1,chars_002.bmp,453
椋,U+690B,1,chars_002.bmp,454
椁,U+6901,1,chars_002.bmp,455
棬,U+68EC,1,chars_002.bmp,456
棕,U+68D5,1,chars_002.bmp,457
棺,U+68FA,1,chars_002.bmp,458
榔,U+6994,1,chars_002.bmp,459
楗,U+6957,1,chars_002.bmp,460
棣,U+68E3,1,chars_002.bmp,461
椐,U+6910,1,chars_002.bmp,462
椭,U+692D,1,chars_002.bmp,463
鹁,U+9E41,1,chars_002.bmp,464
惠,U+60E0,1,chars_002.bmp,465
惑,U+60D1,1,chars_002.bmp,466
逼,U+903C,1,chars_002.bmp,467
覃,U+8983,1,chars_002.bmp,468
粟,U+7C9F,1,chars_002.bmp,469
棘,U+68D8,1,chars_002.bmp,470
酣,U+9163,1,chars_002.bmp,471
酤,U+9164,1,chars_002.bmp,472
酢,U+9162,1,chars_002.bmp,473
酥,U+9165,1,chars_002.bmp,474
酡,U+9161,1,chars_002.bmp,475
酦,U+9166,1,chars_002.bmp,476
鹂,U+9E42,1,chars_002.bmp,477
觌,U+89CC,1,chars_002.bmp,478
厨,U+53A8,1,chars_002.bmp,479
厦,U+53A6,1,chars_002.bmp,480
硬,U+786C,1,chars_002.bmp,481
硝,U+785D,1,chars_002.bmp,482
硪,U+786A,1,chars_002.bmp,483
硷,U+7877,1,chars_002.bmp,484
确,U+786E,1,chars_002.bmp,485
硫,U+786B,1,chars_002.bmp,486
雁,U+96C1,1,chars_002.bmp,487
厥,U+53A5,1,chars_002.bmp,488
殖,U+6B96,1,chars_002.bmp,489
裂,U+88C2,1,chars_002.bmp,490
雄,U+96C4,1,chars_002.bmp,491
殚,U+6B9A,1,chars_002.bmp,492
殛,U+6B9B,1,chars_002.bmp,493
颊,U+988A,1,chars_002.bmp,494
雳,U+96F3,1,chars_002.bmp,495
雯,U+96EF,1,chars_002.bmp,496
辊,U+8F8A,1,chars_002.bmp,497
辋,U+8F8B,1,chars_002.bmp,498
椠,U+6920,1,chars_002.bmp,499
暂,U+6682,1,chars_002.bmp,500
辌,U+8F8C,1,chars_002.bmp,501
辍,U+8F8D,1,chars_002.bmp,502
辎,U+8F8E,1,chars_002.bmp,503
雅,U+96C5,1,chars_002.bmp,504
翘,U+7FD8,1,chars_002.bmp,505
辈,U+8F88,1,chars_002.bmp,506
斐,U+6590,1,chars_002.bmp,507
悲,U+60B2,1,chars_002.bmp,508
紫,U+7D2B,1,chars_002.bmp,509
凿,U+51FF,1,chars_002.bmp,510
黹,U+9EF9,1,chars_002.bmp,511
辉,U+8F89,1,chars_002.bmp,512
敞,U+655E,1,chars_002.bmp,513
棠,U+68E0,1,chars_002.bmp,514
牚,U+725A,1,chars_002.bmp,515
赏,U+8D4F,1,chars_002.bmp,516
掌,U+638C,1,chars_002.bmp,517
晴,U+6674,1,chars_002.bmp,518
睐,U+7750,1,chars_002.bmp,519
暑,U+6691,1,chars_002.bmp,520
最,U+6700,1,chars_002.bmp,521
晰,U+6670,1,chars_002.bmp,522
量,U+91CF,1,chars_002.bmp,523
睑,U+7751,1,chars_002.bmp,524
睇,U+7747,1,chars_002.bmp,525
鼎,U+9F0E,1,chars_002.bmp,526
睃,U+7743,1,chars_002.bmp,527
喷,U+55B7,1,chars_002.bmp,528
戢,U+6222,1,chars_002.bmp,529
喋,U+558B,1,chars_002.bmp,530
嗒,U+55D2,1,chars_002.bmp,531
喃,U+5583,1,chars_002.bmp,532
喳,U+55B3,1,chars_002.bmp,533
晶,U+6676,1,chars_002.bmp,534
喇,U+5587,1,chars_002.bmp,535
遇,U+9047,1,chars_002.bmp,536
喊,U+558A,1,chars_002.bmp,537
喱,U+55B1,1,chars_002.bmp,538
喹,U+55B9,1,chars_002.bmp,539
遏,U+904F,1,chars_002.bmp,540
晷,U+6677,1,chars_002.bmp,541
晾,U+667E,1,chars_002.bmp,542
景,U+666F,1,chars_002.bmp,543
喈,U+5588,1,chars_002.bmp,544
畴,U+7574,1,chars_002.bmp,545
践,U+8DF5,1,chars_002.bmp,546
跖,U+8DD6,1,chars_002.bmp,547
跋,U+8DCB,1,chars_002.bmp,548
跌,U+8DCC,1,chars_002.bmp,549
跗,U+8DD7,1,chars_002.bmp,550
跞,U+8DDE,1,chars_002.bmp,551
跚,U+8DDA,1,chars_002.bmp,552
跑,U+8DD1,1,chars_002.bmp,553
跎,U+8DCE,1,chars_002.bmp,554
跏,U+8DCF,1,chars_002.bmp,555
跛,U+8DDB,1,chars_002.bmp,556
跆,U+8DC6,1,chars_002.bmp,557
遗,U+9057,1,chars_002.bmp,558
蛙,U+86D9,1,chars_002.bmp,559
蛱,U+86F1,1,chars_002.bmp,560
蛲,U+86F2,1,chars_002.bmp,561
蛭,U+86ED,1,chars_002.bmp,562
蛳,U+86F3,1,chars_002.bmp,563
蛐,U+86D0,1,chars_002.bmp,564
蛔,U+86D4,1,chars_002.bmp,565
蛛,U+86DB,1,chars_002.bmp,566
蜓,U+8713,1,chars_002.bmp,567
蛞,U+86DE,1,chars_002.bmp,568
蜒,U+8712,1,chars_002.bmp,569
蛤,U+86E4,1,chars_002.bmp,570
蛴,U+86F4,1,chars_002.bmp,571
蛟,U+86DF,1,chars_002.bmp,572
蛘,U+86D8,1,chars_002.bmp,573
蛑,U+86D1,1,chars_002.bmp,574
畯,U+756F,1,chars_002.bmp,575
喁,U+5581,1,chars_002.bmp,576
喝,U+559D,1,chars_002.bmp,577
鹃,U+9E43,1,chars_002.bmp,578
喂,U+5582,1,chars_002.bmp,579
喟,U+559F,1,chars_002.bmp,580
斝,U+659D,1,chars_002.bmp,581
喘,U+5598,1,chars_002.bmp,582
啾,U+557E,1,chars_002.bmp,583
嗖,U+55D6,1,chars_002.bmp,584
喤,U+55A4,1,chars_002.bmp,585
喉,U+5589,1,chars_002.bmp,586
喻,U+55BB,1,chars_002.bmp,587
喑,U+5591,1,chars_002.bmp,588
啼,U+557C,1,chars_002.bmp,589
嗟,U+55DF,1,chars_002.bmp,590
喽,U+55BD,1,chars_002.bmp,591
嗞,U+55DE,1,chars_002.bmp,592
喧,U+55A7,1,chars_002.bmp,593
喀,U+5580,1,chars_002.bmp,594
喔,U+5594,1,chars_002.bmp,595
喙,U+5599,1,chars_002.bmp,596
嵌,U+5D4C,1,chars_002.bmp,597
嵘,U+5D58,1,chars_002.bmp,598
嵖,U+5D56,1,chars_002.bmp,599
幅,U+5E45,1,chars_002.bmp,600
崴,U+5D34,1,chars_002.bmp,601
遄,U+9044,1,chars_002.bmp,602
詈,U+8A48,1,chars_002.bmp,603
帽,U+5E3D,1,chars_002.bmp,604
嵎,U+5D4E,1,chars_002.bmp,605
崽,U+5D3D,1,chars_002.bmp,606
嵚,U+5D5A,1,chars_002.bmp,607
嵬,U+5D6C,1,chars_002.bmp,608
嵛,U+5D5B,1,chars_002.bmp,609
翙,U+7FD9,1,chars_002.bmp,610
嵯,U+5D6F,1,chars_002.bmp,611
嵝,U+5D5D,1,chars_002.bmp,612
嵫,U+5D6B,1,chars_002.bmp,613
幄,U+5E44,1,chars_002.bmp,614
嵋,U+5D4B,1,chars_002.bmp,615
赋,U+8D4B,1,chars_002.bmp,616
赌,U+8D4C,1,chars_002.bmp,617
赎,U+8D4E,1,chars_002.bmp,618
赐,U+8D50,1,chars_002.bmp,619
赑,U+8D51,1,chars_002.bmp,620
赔,U+8D54,1,chars_002.bmp,621
黑,U+9ED1,1,chars_002.bmp,622
铸,U+94F8,1,chars_002.bmp,623
铹,U+94F9,1,chars_002.bmp,624
铺,U+94FA,1,chars_002.bmp,625
铻,U+94FB,1,chars_002.bmp,626
铼,U+94FC,1,chars_002.bmp,627
铽,U+94FD,1,chars_002.bmp,628
链,U+94FE,1,chars_002.bmp,629
铿,U+94FF,1,chars_002.bmp,630
销,U+9500,1,chars_002.bmp,631
锁,U+9501,1,chars_002.bmp,632
锃,U+9503,1,chars_002.bmp,633
锄,U+9504,1,chars_002.bmp,634
锂,U+9502,1,chars_002.bmp,635
锅,U+9505,1,chars_002.bmp,636
锆,U+9506,1,chars_002.bmp,637
锇,U+9507,1,chars_002.bmp,638
锈,U+9508,1,chars_002.bmp,639
锉,U+9509,1,chars_002.bmp,640
锊,U+950A,1,chars_002.bmp,641
锋,U+950B,1,chars_002.bmp,642
锌,U+950C,1,chars_002.bmp,643
锎,U+950E,1,chars_002.bmp,644
锏,U+950F,1,chars_002.bmp,645
锐,U+9510,1,chars_002.bmp,646
锑,U+9511,1,chars_002.bmp,647
锒,U+9512,1,chars_002.bmp,648
锓,U+9513,1,chars_002.bmp,649
锔,U+9514,1,chars_002.bmp,650
锕,U+9515,1,chars_002.bmp,651
甥,U+7525,1,chars_002.bmp,652
掣,U+63A3,1,chars_002.bmp,653
掰,U+63B0,1,chars_002.bmp,654
短,U+77ED,1,chars_002.bmp,655
智,U+667A,1,chars_002.bmp,656
矬,U+77EC,1,chars_002.bmp,657
氰,U+6C30,1,chars_002.bmp,658
毳,U+6BF3,1,chars_002.bmp,659
毯,U+6BEF,1,chars_002.bmp,660
氮,U+6C2E,1,chars_002.bmp,661
毽,U+6BFD,1,chars_002.bmp,662
氯,U+6C2F,1,chars_002.bmp,663
犊,U+728A,1,chars_002.bmp,664
犄,U+7284,1,chars_002.bmp,665
犋,U+728B,1,chars_002.bmp,666
鹄,U+9E44,1,chars_002.bmp,667
犍,U+728D,1,chars_002.bmp,668
鹅,U+9E45,1,chars_002.bmp,669
颋,U+988B,1,chars_002.bmp,670
剩,U+5269,1,chars_002.bmp,671
嵇,U+5D47,1,chars_002.bmp,672
稍,U+7A0D,1,chars_002.bmp,673
程,U+7A0B,1,chars_002.bmp,674
稀,U+7A00,1,chars_002.bmp,675
黍,U+9ECD,1,chars_002.bmp,676
税,U+7A0E,1,chars_002.bmp,677
稂,U+7A02,1,chars_002.bmp,678
筐,U+7B50,1,chars_002.bmp,679
等,U+7B49,1,chars_002.bmp,680
筘,U+7B58,1,chars_002.bmp,681
筑,U+7B51,1,chars_002.bmp,682
策,U+7B56,1,chars_002.bmp,683
筚,U+7B5A,1,chars_002.bmp,684
筛,U+7B5B,1,chars_002.bmp,685
筜,U+7B5C,1,chars_002.bmp,686
筒,U+7B52,1,chars_002.bmp,687
筅,U+7B45,1,chars_002.bmp,688
筏,U+7B4F,1,chars_002.bmp,689
筵,U+7B75,1,chars_002.bmp,690
筌,U+7B4C,1,chars_002.bmp,691
答,U+7B54,1,chars_002.bmp,692
筋,U+7B4B,1,chars_002.bmp,693
筝,U+7B5D,1,chars_002.bmp,694
傣,U+50A3,1,chars_002.bmp,695
傲,U+50B2,1,chars_002.bmp,696
傅,U+5085,1,chars_002.bmp,697
傈,U+5088,1,chars_002.bmp,698
舄,U+8204,1,chars_002.bmp,699
牍,U+724D,1,chars_002.bmp,700
牌,U+724C,1,chars_002.bmp,701
傥,U+50A5,1,chars_002.bmp,702
堡,U+5821,1,chars_002.bmp,703
集,U+96C6,1,chars_002.bmp,704
焦,U+7126,1,chars_002.bmp,705
傍,U+508D,1,chars_002.bmp,706
傧,U+50A7,1,chars_002.bmp,707
储,U+50A8,1,chars_002.bmp,708
遑,U+9051,1,chars_002.bmp,709
皓,U+7693,1,chars_002.bmp,710
皖,U+7696,1,chars_002.bmp,711
粤,U+7CA4,1,chars_002.bmp,712
奥,U+5965,1,chars_002.bmp,713
傩,U+50A9,1,chars_002.bmp,714
遁,U+9041,1,chars_002.bmp,715
街,U+8857,1,chars_002.bmp,716
惩,U+60E9,1,chars_002.bmp,717
徨,U+5FA8,1,chars_002.bmp,718
循,U+5FAA,1,chars_002.bmp,719
舾,U+823E,1,chars_002.bmp,720
艇,U+8247,1,chars_002.bmp,721
舒,U+8212,1,chars_002.bmp,722
畲,U+7572,1,chars_002.bmp,723
弑,U+5F11,1,chars_002.bmp,724
逾,U+903E,1,chars_002.bmp,725
颌,U+988C,1,chars_002.bmp,726
翕,U+7FD5,1,chars_002.bmp,727
釉,U+91C9,1,chars_002.bmp,728
番,U+756A,1,chars_002.bmp,729
释,U+91CA,1,chars_002.bmp,730
鹆,U+9E46,1,chars_002.bmp,731
禽,U+79BD,1,chars_002.bmp,732
舜,U+821C,1,chars_002.bmp,733
貂,U+8C82,1,chars_002.bmp,734
腈,U+8148,1,chars_002.bmp,735
腊,U+814A,1,chars_002.bmp,736
腌,U+814C,1,chars_002.bmp,737
腓,U+8153,1,chars_002.bmp,738
腆,U+8146,1,chars_002.bmp,739
腴,U+8174,1,chars_002.bmp,740
脾,U+813E,1,chars_002.bmp,741
腋,U+814B,1,chars_002.bmp,742
腑,U+8151,1,chars_002.bmp,743
腙,U+8159,1,chars_002.bmp,744
腚,U+815A,1,chars_002.bmp,745
腔,U+8154,1,chars_002.bmp,746
腕,U+8155,1,chars_002.bmp,747
腱,U+8171,1,chars_002.bmp,748
腒,U+8152,1,chars_002.bmp,749
鱿,U+9C7F,1,chars_002.bmp,750
鲀,U+9C80,1,chars_002.bmp,751
鲁,U+9C81,1,chars_002.bmp,752
鲂,U+9C82,1,chars_002.bmp,753
鲃,U+9C83,1,chars_002.bmp,754
颍,U+988D,1,chars_002.bmp,755
猢,U+7322,1,chars_002.bmp,756
猹,U+7339,1,chars_002.bmp,757
猩,U+7329,1,chars_002.bmp,758
猥,U+7325,1,chars_002.bmp,759
猬,U+732C,1,chars_002.bmp,760
猾,U+733E,1,chars_002.bmp,761
猴,U+7334,1,chars_002.bmp,762
飓,U+98D3,1,chars_002.bmp,763
觞,U+89DE,1,chars_002.bmp,764
觚,U+89DA,1,chars_002.bmp,765
猸,U+7338,1,chars_002.bmp,766
猱,U+7331,1,chars_002.bmp,767
惫,U+60EB,1,chars_002.bmp,768
飧,U+98E7,1,chars_002.bmp,769
然,U+7136,1,chars_002.bmp,770
馇,U+9987,1,chars_002.bmp,771
馈,U+9988,1,chars_002.bmp,772
馉,U+9989,1,chars_002.bmp,773
馊,U+998A,1,chars_002.bmp,774
馋,U+998B,1,chars_002.bmp,775
亵,U+4EB5,1,chars_002.bmp,776
装,U+88C5,1,chars_002.bmp,777
蛮,U+86EE,1,chars_002.bmp,778
脔,U+8114,1,chars_002.bmp,779
就,U+5C31,1,chars_002.bmp,780
敦,U+6566,1,chars_002.bmp,781
裒,U+88D2,1,chars_002.bmp,782
斌,U+658C,1,chars_002.bmp,783
痣,U+75E3,1,chars_002.bmp,784
痨,U+75E8,1,chars_002.bmp,785
痦,U+75E6,1,chars_002.bmp,786
痘,U+75D8,1,chars_002.bmp,787
痞,U+75DE,1,chars_002.bmp,788
痢,U+75E2,1,chars_002.bmp,789
痤,U+75E4,1,chars_002.bmp,790
痪,U+75EA,1,chars_002.bmp,791
痫,U+75EB,1,chars_002.bmp,792
痧,U+75E7,1,chars_002.bmp,793
痛,U+75DB,1,chars_002.bmp,794
鄌,U+910C,1,chars_002.bmp,795
赓,U+8D53,1,chars_002.bmp,796
竦,U+7AE6,1,chars_002.bmp,797
童,U+7AE5,1,chars_002.bmp,798
瓿,U+74FF,1,chars_002.bmp,799
竣,U+7AE3,1,chars_002.bmp,800
啻,U+557B,1,chars_002.bmp,801
颏,U+988F,1,chars_002.bmp,802
鹇,U+9E47,1,chars_002.bmp,803
阑,U+9611,1,chars_002.bmp,804
阒,U+9612,1,chars_002.bmp,805
阔,U+9614,1,chars_002.bmp,806
阕,U+9615,1,chars_002.bmp,807
善,U+5584,1,chars_002.bmp,808
翔,U+7FD4,1,chars_002.bmp,809
羡,U+7FA1,1,chars_002.bmp,810
普,U+666E,1,chars_002.bmp,811
粪,U+7CAA,1,chars_002.bmp,812
粞,U+7C9E,1,chars_002.bmp,813
尊,U+5C0A,1,chars_002.bmp,814
奠,U+5960,1,chars_002.bmp,815
遒,U+9052,1,chars_002.bmp,816
道,U+9053,1,chars_002.bmp,817
遂,U+9042,1,chars_002.bmp,818
孳,U+5B73,1,chars_002.bmp,819
曾,U+66FE,1,chars_002.bmp,820
焯,U+712F,1,chars_002.bmp,821
焜,U+711C,1,chars_002.bmp,822
焰,U+7130,1,chars_002.bmp,823
焙,U+7119,1,chars_002.bmp,824
焱,U+7131,1,chars_002.bmp,825
鹈,U+9E48,1,chars_002.bmp,826
湛,U+6E5B,1,chars_002.bmp,827
港,U+6E2F,1,chars_002.bmp,828
渫,U+6E2B,1,chars_002.bmp,829
滞,U+6EDE,1,chars_002.bmp,830
湖,U+6E56,1,chars_002.bmp,831
湘,U+6E58,1,chars_002.bmp,832
渣,U+6E23,1,chars_002.bmp,833
渤,U+6E24,1,chars_002.bmp,834
湮,U+6E6E,1,chars_002.bmp,835
湎,U+6E4E,1,chars_002.bmp,836
湝,U+6E5D,1,chars_002.bmp,837
湨,U+6E68,1,chars_002.bmp,838
湜,U+6E5C,1,chars_002.bmp,839
渺,U+6E3A,1,chars_002.bmp,840
湿,U+6E7F,1,chars_002.bmp,841
温,U+6E29,1,chars_002.bmp,842
渴,U+6E34,1,chars_002.bmp,843
渭,U+6E2D,1,chars_002.bmp,844
溃,U+6E83,1,chars_002.bmp,845
湍,U+6E4D,1,chars_002.bmp,846
溅,U+6E85,1,chars_002.bmp,847
滑,U+6ED1,1,chars_002.bmp,848
湃,U+6E43,1,chars_002.bmp,849
湫,U+6E6B,1,chars_002.bmp,850
溲,U+6EB2,1,chars_002.bmp,851
湟,U+6E5F,1,chars_002.bmp,852
溆,U+6E86,1,chars_002.bmp,853
渝,U+6E1D,1,chars_002.bmp,854
湲,U+6E72,1,chars_002.bmp,855
湾,U+6E7E,1,chars_002.bmp,856
渡,U+6E21,1,chars_002.bmp,857
游,U+6E38,1,chars_002.bmp,858
溠,U+6EA0,1,chars_002.bmp,859
溇,U+6E87,1,chars_002.bmp,860
湔,U+6E54,1,chars_002.bmp,861
滋,U+6ECB,1,chars_002.bmp,862
湉,U+6E49,1,chars_002.bmp,863
渲,U+6E32,1,chars_002.bmp,864
溉,U+6E89,1,chars_002.bmp,865
渥,U+6E25,1,chars_002.bmp,866
湄,U+6E44,1,chars_002.bmp,867
滁,U+6EC1,1,chars_002.bmp,868
愤,U+6124,1,chars_002.bmp,869
慌,U+614C,1,chars_002.bmp,870
惰,U+60F0,1,chars_002.bmp,871
愠,U+6120,1,chars_002.bmp,872
惺,U+60FA,1,chars_002.bmp,873
愦,U+6126,1,chars_002.bmp,874
愕,U+6115,1,chars_002.bmp,875
惴,U+60F4,1,chars_002.bmp,876
愣,U+6123,1,chars_002.bmp,877
愀,U+6100,1,chars_002.bmp,878
愎,U+610E,1,chars_002.bmp,879
惶,U+60F6,1,chars_002.bmp,880
愧,U+6127,1,chars_002.bmp,881
愉,U+6109,1,chars_002.bmp,882
愔,U+6114,1,chars_002.bmp,883
慨,U+6168,1,chars_002.bmp,884
喾,U+55BE,1,chars_002.bmp,885
割,U+5272,1,chars_002.bmp,886
寒,U+5BD2,1,chars_002.bmp,887
富,U+5BCC,1,chars_002.bmp,888
寓,U+5BD3,1,chars_002.bmp,889
窜,U+7A9C,1,chars_002.bmp,890
窝,U+7A9D,1,chars_002.bmp,891
窖,U+7A96,1,chars_002.bmp,892
窗,U+7A97,1,chars_002.bmp,893
窘,U+7A98,1,chars_002.bmp,894
寐,U+5BD0,1,chars_002.bmp,895
谟,U+8C1F,1,chars_002.bmp,896
扉,U+6249,1,chars_002.bmp,897
遍,U+904D,1,chars_002.bmp,898
雇,U+96C7,1,chars_002.bmp,899
扊,U+624A,1,chars_002.bmp,900
裢,U+88E2,1,chars_002.bmp,901
裎,U+88CE,1,chars_002.bmp,902
裣,U+88E3,1,chars_002.bmp,903
裕,U+88D5,1,chars_002.bmp,904
裤,U+88E4,1,chars_002.bmp,905
裥,U+88E5,1,chars_002.bmp,906
裙,U+88D9,1,chars_002.bmp,907
祾,U+797E,1,chars_002.bmp,908
祺,U+797A,1,chars_002.bmp,909
祼,U+797C,1,chars_002.bmp,910
谠,U+8C20,1,chars_002.bmp,911
禅,U+7985,1,chars_002.bmp,912
禄,U+7984,1,chars_002.bmp,913
幂,U+5E42,1,chars_002.bmp,914
谡,U+8C21,1,chars_002.bmp,915
谢,U+8C22,1,chars_002.bmp,916
谣,U+8C23,1,chars_002.bmp,917
谤,U+8C24,1,chars_002.bmp,918
谥,U+8C25,1,chars_002.bmp,919
谦,U+8C26,1,chars_002.bmp,920
谧,U+8C27,1,chars_002.bmp,921
塈,U+5848,1,chars_002.bmp,922
遐,U+9050,1,chars_002.bmp,923
犀,U+7280,1,chars_002.bmp,924
属,U+5C5E,1,chars_002.bmp,925
屡,U+5C61,1,chars_002.bmp,926
孱,U+5B71,1,chars_002.bmp,927
弼,U+5F3C,1,chars_002.bmp,928
强,U+5F3A,1,chars_002.bmp,929
粥,U+7CA5,1,chars_002.bmp,930
巽,U+5DFD,1,chars_002.bmp,931
疏,U+758F,1,chars_002.bmp,932
隔,U+9694,1,chars_002.bmp,933
骘,U+9A98,1,chars_002.bmp,934
隙,U+9699,1,chars_002.bmp,935
隘,U+9698,1,chars_002.bmp,936
媒,U+5A92,1,chars_002.bmp,937
媪,U+5AAA,1,chars_002.bmp,938
絮,U+7D6E,1,chars_002.bmp,939
嫂,U+5AC2,1,chars_002.bmp,940
媛,U+5A9B,1,chars_002.bmp,941
婷,U+5A77,1,chars_002.bmp,942
媚,U+5A9A,1,chars_002.bmp,943
婿,U+5A7F,1,chars_002.bmp,944
巯,U+5DEF,1,chars_002.bmp,945
毵,U+6BF5,1,chars_002.bmp,946
翚,U+7FDA,1,chars_002.bmp,947
登,U+767B,1,chars_002.bmp,948
皴,U+76B4,1,chars_002.bmp,949
婺,U+5A7A,1,chars_002.bmp,950
骛,U+9A9B,1,chars_002.bmp,951
缂,U+7F02,1,chars_002.bmp,952
缃,U+7F03,1,chars_002.bmp,953
缄,U+7F04,1,chars_002.bmp,954
缅,U+7F05,1,chars_002.bmp,955
彘,U+5F58,1,chars_002.bmp,956
缆,U+7F06,1,chars_002.bmp,957
缇,U+7F07,1,chars_002.bmp,958
缈,U+7F08,1,chars_002.bmp,959
缉,U+7F09,1,chars_002.bmp,960
缌,U+7F0C,1,chars_002.bmp,961
缎,U+7F0E,1,chars_002.bmp,962
缏,U+7F0F,1,chars_002.bmp,963
缑,U+7F11,1,chars_002.bmp,964
缒,U+7F12,1,chars_002.bmp,965
缓,U+7F13,1,chars_002.bmp,966
缔,U+7F14,1,chars_002.bmp,967
缕,U+7F15,1,chars_002.bmp,968
骗,U+9A97,1,chars_002.bmp,969
编,U+7F16,1,chars_002.bmp,970
缗,U+7F17,1,chars_002.bmp,971
骙,U+9A99,1,chars_002.bmp,972
骚,U+9A9A,1,chars_002.bmp,973
缘,U+7F18,1,chars_002.bmp,974
飨,U+98E8,1,chars_002.bmp,975
耢,U+8022,1,chars_002.bmp,976
瑟,U+745F,1,chars_002.bmp,977
瑚,U+745A,1,chars_002.bmp,978
鹉,U+9E49,1,chars_002.bmp,979
瑁,U+7441,1,chars_002.bmp,980
瑞,U+745E,1,chars_002.bmp,981
瑰,U+7470,1,chars_002.bmp,982
瑀,U+7440,1,chars_002.bmp,983
瑜,U+745C,1,chars_002.bmp,984
瑗,U+7457,1,chars_002.bmp,985
瑄,U+7444,1,chars_002.bmp,986
瑕,U+7455,1,chars_002.bmp,987
遨,U+9068,1,chars_002.bmp,988
骜,U+9A9C,1,chars_002.bmp,989
瑙,U+7459,1,chars_002.bmp,990
遘,U+9058,1,chars_002.bmp,991
韫,U+97EB,1,chars_002.bmp,992
魂,U+9B42,1,chars_002.bmp,993
髡,U+9AE1,1,chars_002.bmp,994
肆,U+8086,1,chars_002.bmp,995
摄,U+6444,1,chars_002.bmp,996
摸,U+6478,1,chars_002.bmp,997
填,U+586B,1,chars_002.bmp,998
搏,U+640F,1,chars_002.bmp,999
塥,U+5865,1,chars_002.bmp,1000
塬,U+586C,1,chars_002.bmp,1001
鄢,U+9122,1,chars_002.bmp,1002
趔,U+8D94,1,chars_002.bmp,1003
趑,U+8D91,1,chars_002.bmp,1004
摅,U+6445,1,chars_002.bmp,1005
塌,U+584C,1,chars_002.bmp,1006
摁,U+6441,1,chars_002.bmp,1007
鼓,U+9F13,1,chars_002.bmp,1008
摆,U+6446,1,chars_002.bmp,1009
赪,U+8D6A,1,chars_002.bmp,1010
携,U+643A,1,chars_002.bmp,1011
塮,U+586E,1,chars_002.bmp,1012
蜇,U+8707,1,chars_002.bmp,1013
搋,U+640B,1,chars_002.bmp,1014
搬,U+642C,1,chars_002.bmp,1015
摇,U+6447,1,chars_002.bmp,1016
搞,U+641E,1,chars_002.bmp,1017
搪,U+642A,1,chars_002.bmp,1018
塘,U+5858,1,chars_002.bmp,1019
搒,U+6412,1,chars_002.bmp,1020
搐,U+6410,1,chars_002.bmp,1021
搛,U+641B,1,chars_002.bmp,1022
搠,U+6420,1,chars_002.bmp,1023
摈,U+6448,1,chars_002.bmp,1024
彀,U+5F40,1,chars_002.bmp,1025
毂,U+6BC2,1,chars_002.bmp,1026
搌,U+640C,1,chars_002.bmp,1027
搦,U+6426,1,chars_002.bmp,1028
摊,U+644A,1,chars_002.bmp,1029
搡,U+6421,1,chars_002.bmp,1030
聘,U+8058,1,chars_002.bmp,1031
蓁,U+84C1,1,chars_002.bmp,1032
戡,U+6221,1,chars_002.bmp,1033
斟,U+659F,1,chars_002.bmp,1034
蒜,U+849C,1,chars_002.bmp,1035
蓍,U+84CD,1,chars_002.bmp,1036
鄞,U+911E,1,chars_002.bmp,1037
勤,U+52E4,1,chars_002.bmp,1038
靴,U+9774,1,chars_002.bmp,1039
靳,U+9773,1,chars_002.bmp,1040
靶,U+9776,1,chars_002.bmp,1041
鹊,U+9E4A,1,chars_002.bmp,1042
蓐,U+84D0,1,chars_002.bmp,1043
蓝,U+84DD,1,chars_002.bmp,1044
墓,U+5893,1,chars_002.bmp,1045
幕,U+5E55,1,chars_002.bmp,1046
蓦,U+84E6,1,chars_002.bmp,1047
鹋,U+9E4B,1,chars_002.bmp,1048
蒽,U+84BD,1,chars_002.bmp,1049
蓓,U+84D3,1,chars_002.bmp,1050
蓖,U+84D6,1,chars_002.bmp,1051
蓊,U+84CA,1,chars_002.bmp,1052
蒯,U+84AF,1,chars_002.bmp,1053
蓟,U+84DF,1,chars_002.bmp,1054
蓬,U+84EC,1,chars_002.bmp,1055
蓑,U+84D1,1,chars_002.bmp,1056
蒿,U+84BF,1,chars_002.bmp,1057
蒺,U+84BA,1,chars_002.bmp,1058
蓠,U+84E0,1,chars_002.bmp,1059
蒟,U+849F,1,chars_002.bmp,1060
蒡,U+84A1,1,chars_002.bmp,1061
蓄,U+84C4,1,chars_002.bmp,1062
蒹,U+84B9,1,chars_002.bmp,1063
蒴,U+84B4,1,chars_002.bmp,1064
蒲,U+84B2,1,chars_002.bmp,1065
蒗,U+8497,1,chars_002.bmp,1066
蓉,U+84C9,1,chars_002.bmp,1067
蒙,U+8499,1,chars_002.bmp,1068
蓂,U+84C2,1,chars_002.bmp,1069
蓥,U+84E5,1,chars_002.bmp,1070
颐,U+9890,1,chars_002.bmp,1071
蒸,U+84B8,1,chars_002.bmp,1072
献,U+732E,1,chars_002.bmp,1073
蓣,U+84E3,1,chars_002.bmp,1074
楔,U+6954,1,chars_002.bmp,1075
椿,U+693F,1,chars_002.bmp,1076
楠,U+6960,1,chars_002.bmp,1077
禁,U+7981,1,chars_002.bmp,1078
楂,U+6942,1,chars_002.bmp,1079
楚,U+695A,1,chars_002.bmp,1080
楝,U+695D,1,chars_002.bmp,1081
楷,U+6977,1,chars_002.bmp,1082
榄,U+6984,1,chars_002.bmp,1083
想,U+60F3,1,chars_002.bmp,1084
楫,U+696B,1,chars_002.bmp,1085
榀,U+6980,1,chars_002.bmp,1086
楞,U+695E,1,chars_002.bmp,1087
楸,U+6978,1,chars_002.bmp,1088
椴,U+6934,1,chars_002.bmp,1089
槐,U+69D0,1,chars_002.bmp,1090
槌,U+69CC,1,chars_002.bmp,1091
楯,U+696F,1,chars_002.bmp,1092
榆,U+6986,1,chars_002.bmp,1093
榇,U+6987,1,chars_002.bmp,1094
榈,U+6988,1,chars_002.bmp,1095
槎,U+69CE,1,chars_002.bmp,1096
楼,U+697C,1,chars_002.bmp,1097
榉,U+6989,1,chars_002.bmp,1098
楦,U+6966,1,chars_002.bmp,1099
概,U+6982,1,chars_002.bmp,1100
楣,U+6963,1,chars_002.bmp,1101
楹,U+6979,1,chars_002.bmp,1102
椽,U+693D,1,chars_002.bmp,1103
裘,U+88D8,1,chars_002.bmp,1104
赖,U+8D56,1,chars_002.bmp,1105
剽,U+527D,1,chars_002.bmp,1106
甄,U+7504,1,chars_002.bmp,1107
酮,U+916E,1,chars_002.bmp,1108
酰,U+9170,1,chars_002.bmp,1109
酯,U+916F,1,chars_002.bmp,1110
酪,U+916A,1,chars_002.bmp,1111
酩,U+9169,1,chars_002.bmp,1112
酬,U+916C,1,chars_002.bmp,1113
蜃,U+8703,1,chars_002.bmp,1114
感,U+611F,1,chars_002.bmp,1115
碛,U+789B,1,chars_002.bmp,1116
碍,U+788D,1,chars_002.bmp,1117
碘,U+7898,1,chars_002.bmp,1118
碓,U+7893,1,chars_002.bmp,1119
碑,U+7891,1,chars_002.bmp,1120
硼,U+787C,1,chars_002.bmp,1121
碉,U+7889,1,chars_002.bmp,1122
碎,U+788E,1,chars_002.bmp,1123
碚,U+789A,1,chars_002.bmp,1124
碰,U+78B0,1,chars_002.bmp,1125
碇,U+7887,1,chars_002.bmp,1126
碗,U+7897,1,chars_002.bmp,1127
碌,U+788C,1,chars_002.bmp,1128
碜,U+789C,1,chars_002.bmp,1129
鹌,U+9E4C,1,chars_002.bmp,1130
尴,U+5C34,1,chars_002.bmp,1131
雷,U+96F7,1,chars_002.bmp,1132
零,U+96F6,1,chars_002.bmp,1133
雾,U+96FE,1,chars_002.bmp,1134
雹,U+96F9,1,chars_002.bmp,1135
辏,U+8F8F,1,chars_002.bmp,1136
辐,U+8F90,1,chars_002.bmp,1137
辑,U+8F91,1,chars_002.bmp,1138
辒,U+8F92,1,chars_002.bmp,1139
输,U+8F93,1,chars_002.bmp,1140
督,U+7763,1,chars_002.bmp,1141
频,U+9891,1,chars_002.bmp,1142
龃,U+9F83,1,chars_002.bmp,1143
龄,U+9F84,1,chars_002.bmp,1144
龅,U+9F85,1,chars_002.bmp,1145
龆,U+9F86,1,chars_002.bmp,1146
觜,U+89DC,1,chars_002.bmp,1147
訾,U+8A3E,1,chars_002.bmp,1148
粲,U+7CB2,1,chars_002.bmp,1149
虞,U+865E,1,chars_002.bmp,1150
鉴,U+9274,1,chars_002.bmp,1151
睛,U+775B,1,chars_002.bmp,1152
睹,U+7779,1,chars_002.bmp,1153
睦,U+7766,1,chars_002.bmp,1154
瞄,U+7784,1,chars_002.bmp,1155
睚,U+775A,1,chars_002.bmp,1156
嗪,U+55EA,1,chars_002.bmp,1157
睫,U+776B,1,chars_002.bmp,1158
韪,U+97EA,1,chars_002.bmp,1159
嗷,U+55F7,1,chars_002.bmp,1160
嗉,U+55C9,1,chars_002.bmp,1161
睡,U+7761,1,chars_002.bmp,1162
睨,U+7768,1,chars_002.bmp,1163
睢,U+7762,1,chars_002.bmp,1164
雎,U+96CE,1,chars_002.bmp,1165
睥,U+7765,1,chars_002.bmp,1166
睬,U+776C,1,chars_002.bmp,1167
嘟,U+561F,1,chars_002.bmp,1168
嗜,U+55DC,1,chars_002.bmp,1169
嗑,U+55D1,1,chars_002.bmp,1170
嗫,U+55EB,1,chars_002.bmp,1171
嗬,U+55EC,1,chars_002.bmp,1172
嗔,U+55D4,1,chars_002.bmp,1173
鄙,U+9119,1,chars_002.bmp,1174
嗦,U+55E6,1,chars_002.bmp,1175
嗝,U+55DD,1,chars_002.bmp,1176
愚,U+611A,1,chars_002.bmp,1177
戥,U+6225,1,chars_002.bmp,1178
嗄,U+55C4,1,chars_002.bmp,1179
暖,U+6696,1,chars_002.bmp,1180
盟,U+76DF,1,chars_002.bmp,1181
煦,U+7166,1,chars_002.bmp,1182
歇,U+6B47,1,chars_002.bmp,1183
暗,U+6697,1,chars_002.bmp,1184
暅,U+6685,1,chars_002.bmp,1185
暄,U+6684,1,chars_002.bmp,1186
暇,U+6687,1,chars_002.bmp,1187
照,U+7167,1,chars_002.bmp,1188
遢,U+9062,1,chars_002.bmp,1189
暌,U+668C,1,chars_002.bmp,1190
畸,U+7578,1,chars_002.bmp,1191
跬,U+8DEC,1,chars_002.bmp,1192
跨,U+8DE8,1,chars_002.bmp,1193
跶,U+8DF6,1,chars_002.bmp,1194
跷,U+8DF7,1,chars_002.bmp,1195
跸,U+8DF8,1,chars_002.bmp,1196
跣,U+8DE3,1,chars_002.bmp,1197
跹,U+8DF9,1,chars_002.bmp,1198
跳,U+8DF3,1,chars_002.bmp,1199
跺,U+8DFA,1,chars_002.bmp,1200
跪,U+8DEA,1,chars_002.bmp,1201
路,U+8DEF,1,chars_002.bmp,1202
跻,U+8DFB,1,chars_002.bmp,1203
跤,U+8DE4,1,chars_002.bmp,1204
跟,U+8DDF,1,chars_002.bmp,1205
遣,U+9063,1,chars_002.bmp,1206
蛸,U+86F8,1,chars_002.bmp,1207
蜈,U+8708,1,chars_002.bmp,1208
蜎,U+870E,1,chars_002.bmp,1209
蜗,U+8717,1,chars_002.bmp,1210
蛾,U+86FE,1,chars_002.bmp,1211
蜊,U+870A,1,chars_002.bmp,1212
蜍,U+870D,1,chars_002.bmp,1213
蜉,U+8709,1,chars_002.bmp,1214
蜂,U+8702,1,chars_002.bmp,1215
蜣,U+8723,1,chars_002.bmp,1216
蜕,U+8715,1,chars_002.bmp,1217
畹,U+7579,1,chars_002.bmp,1218
蛹,U+86F9,1,chars_002.bmp,1219
嗣,U+55E3,1,chars_002.bmp,1220
嗯,U+55EF,1,chars_002.bmp,1221
嗅,U+55C5,1,chars_002.bmp,1222
嗥,U+55E5,1,chars_002.bmp,1223
嗲,U+55F2,1,chars_002.bmp,1224
嗳,U+55F3,1,chars_002.bmp,1225
嗡,U+55E1,1,chars_002.bmp,1226
嗌,U+55CC,1,chars_002.bmp,1227
嗍,U+55CD,1,chars_002.bmp,1228
嗨,U+55E8,1,chars_002.bmp,1229
嗤,U+55E4,1,chars_002.bmp,1230
嗵,U+55F5,1,chars_002.bmp,1231
嗓,U+55D3,1,chars_002.bmp,1232
署,U+7F72,1,chars_002.bmp,1233
置,U+7F6E,1,chars_002.bmp,1234
罨,U+7F68,1,chars_002.bmp,1235
罪,U+7F6A,1,chars_002.bmp,1236
罩,U+7F69,1,chars_002.bmp,1237
蜀,U+8700,1,chars_002.bmp,1238
幌,U+5E4C,1,chars_002.bmp,1239
嵊,U+5D4A,1,chars_002.bmp,1240
嵩,U+5D69,1,chars_002.bmp,1241
嵴,U+5D74,1,chars_002.bmp,1242
骰,U+9AB0,1,chars_002.bmp,1243
锖,U+9516,1,chars_002.bmp,1244
锗,U+9517,1,chars_002.bmp,1245
错,U+9519,1,chars_002.bmp,1246
锘,U+9518,1,chars_002.bmp,1247
锚,U+951A,1,chars_002.bmp,1248
锛,U+951B,1,chars_002.bmp,1249
锜,U+951C,1,chars_002.bmp,1250
锝,U+951D,1,chars_002.bmp,1251
锞,U+951E,1,chars_002.bmp,1252
锟,U+951F,1,chars_002.bmp,1253
锡,U+9521,1,chars_002.bmp,1254
锢,U+9522,1,chars_002.bmp,1255
锣,U+9523,1,chars_002.bmp,1256
锤,U+9524,1,chars_002.bmp,1257
锥,U+9525,1,chars_002.bmp,1258
锦,U+9526,1,chars_002.bmp,1259
锧,U+9527,1,chars_002.bmp,1260
锨,U+9528,1,chars_002.bmp,1261
锪,U+952A,1,chars_002.bmp,1262
锫,U+952B,1,chars_002.bmp,1263
锩,U+9529,1,chars_002.bmp,1264
锬,U+952C,1,chars_002.bmp,1265
锭,U+952D,1,chars_002.bmp,1266
键,U+952E,1,chars_002.bmp,1267
锯,U+952F,1,chars_002.bmp,1268
锰,U+9530,1,chars_002.bmp,1269
锱,U+9531,1,chars_002.bmp,1270
矮,U+77EE,1,chars_002.bmp,1271
雉,U+96C9,1,chars_002.bmp,1272
氲,U+6C32,1,chars_002.bmp,1273
犏,U+728F,1,chars_002.bmp,1274
辞,U+8F9E,1,chars_002.bmp,1275
歃,U+6B43,1,chars_002.bmp,1276
稞,U+7A1E,1,chars_002.bmp,1277
稚,U+7A1A,1,chars_002.bmp,1278
稗,U+7A17,1,chars_002.bmp,1279
稔,U+7A14,1,chars_002.bmp,1280
稠,U+7A20,1,chars_002.bmp,1281
颓,U+9893,1,chars_002.bmp,1282
愁,U+6101,1,chars_002.bmp,1283
筹,U+7B79,1,chars_002.bmp,1284
筠,U+7B60,1,chars_002.bmp,1285
筢,U+7B62,1,chars_002.bmp,1286
筮,U+7B6E,1,chars_002.bmp,1287
筻,U+7B7B,1,chars_002.bmp,1288
筲,U+7B72,1,chars_002.bmp,1289
筼,U+7B7C,1,chars_002.bmp,1290
筱,U+7B71,1,chars_002.bmp,1291
签,U+7B7E,1,chars_002.bmp,1292
简,U+7B80,1,chars_002.bmp,1293
筷,U+7B77,1,chars_002.bmp,1294
毁,U+6BC1,1,chars_002.bmp,1295
舅,U+8205,1,chars_002.bmp,1296
鼠,U+9F20,1,chars_002.bmp,1297
牒,U+7252,1,chars_002.bmp,1298
煲,U+7172,1,chars_002.bmp,1299
催,U+50AC,1,chars_002.bmp,1300
傻,U+50BB,1,chars_002.bmp,1301
像,U+50CF,1,chars_002.bmp,1302
躲,U+8EB2,1,chars_002.bmp,1303
鹎,U+9E4E,1,chars_002.bmp,1304
魁,U+9B41,1,chars_002.bmp,1305
敫,U+656B,1,chars_002.bmp,1306
僇,U+50C7,1,chars_002.bmp,1307
衙,U+8859,1,chars_002.bmp,1308
微,U+5FAE,1,chars_002.bmp,1309
徭,U+5FAD,1,chars_002.bmp,1310
愆,U+6106,1,chars_002.bmp,1311
艄,U+8244,1,chars_002.bmp,1312
觎,U+89CE,1,chars_002.bmp,1313
毹,U+6BF9,1,chars_002.bmp,1314
愈,U+6108,1,chars_002.bmp,1315
遥,U+9065,1,chars_002.bmp,1316
貊,U+8C8A,1,chars_002.bmp,1317
貅,U+8C85,1,chars_002.bmp,1318
貉,U+8C89,1,chars_002.bmp,1319
颔,U+9894,1,chars_002.bmp,1320
腻,U+817B,1,chars_002.bmp,1321
腠,U+8160,1,chars_002.bmp,1322
腩,U+8169,1,chars_002.bmp,1323
腰,U+8170,1,chars_002.bmp,1324
腼,U+817C,1,chars_002.bmp,1325
腽,U+817D,1,chars_002.bmp,1326
腥,U+8165,1,chars_002.bmp,1327
腮,U+816E,1,chars_002.bmp,1328
腭,U+816D,1,chars_002.bmp,1329
腹,U+8179,1,chars_002.bmp,1330
腺,U+817A,1,chars_002.bmp,1331
腧,U+8167,1,chars_002.bmp,1332
鹏,U+9E4F,1,chars_002.bmp,1333
塍,U+584D,1,chars_002.bmp,1334
媵,U+5AB5,1,chars_002.bmp,1335
腾,U+817E,1,chars_002.bmp,1336
腿,U+817F,1,chars_002.bmp,1337
詹,U+8A79,1,chars_002.bmp,1338
鲅,U+9C85,1,chars_002.bmp,1339
鲆,U+9C86,1,chars_002.bmp,1340
鲇,U+9C87,1,chars_002.bmp,1341
鲈,U+9C88,1,chars_002.bmp,1342
鲉,U+9C89,1,chars_002.bmp,1343
鲊,U+9C8A,1,chars_002.bmp,1344
稣,U+7A23,1,chars_002.bmp,1345
鲋,U+9C8B,1,chars_002.bmp,1346
鲌,U+9C8C,1,chars_002.bmp,1347
鲍,U+9C8D,1,chars_002.bmp,1348
鲏,U+9C8F,1,chars_002.bmp,1349
鲐,U+9C90,1,chars_002.bmp,1350
肄,U+8084,1,chars_002.bmp,1351
猿,U+733F,1,chars_002.bmp,1352
颖,U+9896,1,chars_002.bmp,1353
鹐,U+9E50,1,chars_002.bmp,1354
飔,U+98D4,1,chars_002.bmp,1355
飕,U+98D5,1,chars_002.bmp,1356
觥,U+89E5,1,chars_002.bmp,1357
触,U+89E6,1,chars_002.bmp,1358
解,U+89E3,1,chars_002.bmp,1359
遛,U+905B,1,chars_002.bmp,1360
煞,U+715E,1,chars_002.bmp,1361
雏,U+96CF,1,chars_002.bmp,1362
馌,U+998C,1,chars_002.bmp,1363
馍,U+998D,1,chars_002.bmp,1364
馏,U+998F,1,chars_002.bmp,1365
馐,U+9990,1,chars_002.bmp,1366
酱,U+9171,1,chars_002.bmp,1367
鹑,U+9E51,1,chars_002.bmp,1368
禀,U+7980,1,chars_002.bmp,1369
亶,U+4EB6,1,chars_002.bmp,1370
廒,U+5ED2,1,chars_002.bmp,1371
瘃,U+7603,1,chars_002.bmp,1372
痱,U+75F1,1,chars_002.bmp,1373
痹,U+75F9,1,chars_002.bmp,1374
痼,U+75FC,1,chars_002.bmp,1375
廓,U+5ED3,1,chars_002.bmp,1376
痴,U+75F4,1,chars_002.bmp,1377
痿,U+75FF,1,chars_002.bmp,1378
瘐,U+7610,1,chars_002.bmp,1379
瘁,U+7601,1,chars_002.bmp,1380
瘅,U+7605,1,chars_002.bmp,1381
痰,U+75F0,1,chars_002.bmp,1382
瘆,U+7606,1,chars_002.bmp,1383
廉,U+5EC9,1,chars_002.bmp,1384
鄘,U+9118,1,chars_002.bmp,1385
麂,U+9E82,1,chars_002.bmp,1386
裔,U+88D4,1,chars_002.bmp,1387
靖,U+9756,1,chars_002.bmp,1388
新,U+65B0,1,chars_002.bmp,1389
鄣,U+9123,1,chars_002.bmp,1390
歆,U+6B46,1,chars_002.bmp,1391
韵,U+97F5,1,chars_002.bmp,1392
意,U+610F,1,chars_002.bmp,1393
旒,U+65D2,1,chars_002.bmp,1394
雍,U+96CD,1,chars_002.bmp,1395
阖,U+9616,1,chars_002.bmp,1396
阗,U+9617,1,chars_002.bmp,1397
阘,U+9618,1,chars_002.bmp,1398
阙,U+9619,1,chars_002.bmp,1399
羧,U+7FA7,1,chars_002.bmp,1400
豢,U+8C62,1,chars_002.bmp,1401
誊,U+8A8A,1,chars_002.bmp,1402
粳,U+7CB3,1,chars_002.bmp,1403
粮,U+7CAE,1,chars_002.bmp,1404
数,U+6570,1,chars_002.bmp,1405
煎,U+714E,1,chars_002.bmp,1406
猷,U+7337,1,chars_002.bmp,1407
塑,U+5851,1,chars_002.bmp,1408
慈,U+6148,1,chars_002.bmp,1409
煤,U+7164,1,chars_002.bmp,1410
煳,U+7173,1,chars_002.bmp,1411
煜,U+715C,1,chars_002.bmp,1412
煨,U+7168,1,chars_002.bmp,1413
煅,U+7145,1,chars_002.bmp,1414
煌,U+714C,1,chars_002.bmp,1415
煊,U+714A,1,chars_002.bmp,1416
煸,U+7178,1,chars_002.bmp,1417
煺,U+717A,1,chars_002.bmp,1418
滟,U+6EDF,1,chars_002.bmp,1419
溱,U+6EB1,1,chars_002.bmp,1420
溘,U+6E98,1,chars_002.bmp,1421
滠,U+6EE0,1,chars_002.bmp,1422
满,U+6EE1,1,chars_002.bmp,1423
漭,U+6F2D,1,chars_002.bmp,1424
漠,U+6F20,1,chars_002.bmp,1425
滢,U+6EE2,1,chars_002.bmp,1426
滇,U+6EC7,1,chars_002.bmp,1427
溥,U+6EA5,1,chars_002.bmp,1428
溧,U+6EA7,1,chars_002.bmp,1429
溽,U+6EBD,1,chars_002.bmp,1430
源,U+6E90,1,chars_002.bmp,1431
滤,U+6EE4,1,chars_002.bmp,1432
滥,U+6EE5,1,chars_002.bmp,1433
裟,U+88DF,1,chars_002.bmp,1434
溻,U+6EBB,1,chars_002.bmp,1435
溷,U+6EB7,1,chars_002.bmp,1436
溦,U+6EA6,1,chars_002.bmp,1437
滗,U+6ED7,1,chars_002.bmp,1438
滫,U+6EEB,1,chars_002.bmp,1439
溴,U+6EB4,1,chars_002.bmp,1440
滏,U+6ECF,1,chars_002.bmp,1441
滔,U+6ED4,1,chars_002.bmp,1442
溪,U+6EAA,1,chars_002.bmp,1443
滃,U+6EC3,1,chars_002.bmp,1444
溜,U+6E9C,1,chars_002.bmp,1445
滦,U+6EE6,1,chars_002.bmp,1446
漓,U+6F13,1,chars_002.bmp,1447
滚,U+6EDA,1,chars_002.bmp,1448
溏,U+6E8F,1,chars_002.bmp,1449
滂,U+6EC2,1,chars_002.bmp,1450
溢,U+6EA2,1,chars_002.bmp,1451
溯,U+6EAF,1,chars_002.bmp,1452
滨,U+6EE8,1,chars_002.bmp,1453
溶,U+6EB6,1,chars_002.bmp,1454
滓,U+6ED3,1,chars_002.bmp,1455
溟,U+6E9F,1,chars_002.bmp,1456
滘,U+6ED8,1,chars_002.bmp,1457
溺,U+6EBA,1,chars_002.bmp,1458
滍,U+6ECD,1,chars_002.bmp,1459
粱,U+7CB1,1,chars_002.bmp,1460
滩,U+6EE9,1,chars_002.bmp,1461
滪,U+6EEA,1,chars_002.bmp,1462
愫,U+612B,1,chars_002.bmp,1463
慑,U+6151,1,chars_002.bmp,1464
慎,U+614E,1,chars_002.bmp,1465
慥,U+6165,1,chars_002.bmp,1466
慊,U+614A,1,chars_002.bmp,1467
誉,U+8A89,1,chars_002.bmp,1468
鲎,U+9C8E,1,chars_002.bmp,1469
塞,U+585E,1,chars_002.bmp,1470
骞,U+9A9E,1,chars_002.bmp,1471
寞,U+5BDE,1,chars_002.bmp,1472
窥,U+7AA5,1,chars_002.bmp,1473
窦,U+7AA6,1,chars_002.bmp,1474
窠,U+7AA0,1,chars_002.bmp,1475
窣,U+7AA3,1,chars_002.bmp,1476
窟,U+7A9F,1,chars_002.bmp,1477
寝,U+5BDD,1,chars_002.bmp,1478
谨,U+8C28,1,chars_002.bmp,1479
裱,U+88F1,1,chars_002.bmp,1480
褂,U+8902,1,chars_002.bmp,1481
褚,U+891A,1,chars_002.bmp,1482
裸,U+88F8,1,chars_002.bmp,1483
裼,U+88FC,1,chars_002.bmp,1484
裨,U+88E8,1,chars_002.bmp,1485
裾,U+88FE,1,chars_002.bmp,1486
裰,U+88F0,1,chars_002.bmp,1487
禊,U+798A,1,chars_002.bmp,1488
福,U+798F,1,chars_002.bmp,1489
谩,U+8C29,1,chars_002.bmp,1490
谪,U+8C2A,1,chars_002.bmp,1491
谫,U+8C2B,1,chars_002.bmp,1492
谬,U+8C2C,1,chars_002.bmp,1493
群,U+7FA4,1,chars_002.bmp,1494
殿,U+6BBF,1,chars_002.bmp,1495
辟,U+8F9F,1,chars_002.bmp,1496
障,U+969C,1,chars_002.bmp,1497
媾,U+5ABE,1,chars_002.bmp,1498
嫫,U+5AEB,1,chars_002.bmp,1499
媳,U+5AB3,1,chars_002.bmp,1500
媲,U+5AB2,1,chars_002.bmp,1501
嫒,U+5AD2,1,chars_002.bmp,1502
嫉,U+5AC9,1,chars_002.bmp,1503
嫌,U+5ACC,1,chars_002.bmp,1504
嫁,U+5AC1,1,chars_002.bmp,1505
嫔,U+5AD4,1,chars_002.bmp,1506
媸,U+5AB8,1,chars_002.bmp,1507
叠,U+53E0,1,chars_002.bmp,1508
缙,U+7F19,1,chars_002.bmp,1509
缜,U+7F1C,1,chars_002.bmp,1510
缚,U+7F1A,1,chars_002.bmp,1511
缛,U+7F1B,1,chars_002.bmp,1512
辔,U+8F94,1,chars_002.bmp,1513
缝,U+7F1D,1,chars_002.bmp,1514
骝,U+9A9D,1,chars_002.bmp,1515
缟,U+7F1F,1,chars_002.bmp,1516
缠,U+7F20,1,chars_002.bmp,1517
缡,U+7F21,1,chars_002.bmp,1518
缢,U+7F22,1,chars_002.bmp,1519
缣,U+7F23,1,chars_002.bmp,1520
缤,U+7F24,1,chars_002.bmp,1521
骟,U+9A9F,1,chars_002.bmp,1522
剿,U+527F,1,chars_002.bmp,1523
耥,U+8025,1,chars_002.bmp,1524
璈,U+7488,1,chars_002.bmp,1525
静,U+9759,1,chars_002.bmp,1526
碧,U+78A7,1,chars_002.bmp,1527
瑶,U+7476,1,chars_002.bmp,1528
璃,U+7483,1,chars_002.bmp,1529
瑭,U+746D,1,chars_002.bmp,1530
瑢,U+7462,1,chars_002.bmp,1531
獒,U+7352,1,chars_002.bmp,1532
赘,U+8D58,1,chars_002.bmp,1533
熬,U+71AC,1,chars_002.bmp,1534
觏,U+89CF,1,chars_002.bmp,1535
慝,U+615D,1,chars_002.bmp,1536
嫠,U+5AE0,1,chars_002.bmp,1537
韬,U+97EC,1,chars_002.bmp,1538
髦,U+9AE6,1,chars_002.bmp,1539
墈,U+5888,1,chars_002.bmp,1540
墙,U+5899,1,chars_002.bmp,1541
摽,U+647D,1,chars_002.bmp,1542
墟,U+589F,1,chars_002.bmp,1543
墁,U+5881,1,chars_002.bmp,1544
撂,U+6482,1,chars_002.bmp,1545
摞,U+645E,1,chars_002.bmp,1546
嘉,U+5609,1,chars_002.bmp,1547
摧,U+6467,1,chars_002.bmp,1548
撄,U+6484,1,chars_002.bmp,1549
赫,U+8D6B,1,chars_002.bmp,1550
截,U+622A,1,chars_002.bmp,1551
翥,U+7FE5,1,chars_002.bmp,1552
踅,U+8E05,1,chars_002.bmp,1553
誓,U+8A93,1,chars_002.bmp,1554
銎,U+928E,1,chars_002.bmp,1555
摭,U+646D,1,chars_002.bmp,1556
墉,U+5889,1,chars_002.bmp,1557
境,U+5883,1,chars_002.bmp,1558
摘,U+6458,1,chars_002.bmp,1559
墒,U+5892,1,chars_002.bmp,1560
摔,U+6454,1,chars_002.bmp,1561
撇,U+6487,1,chars_002.bmp,1562
榖,U+6996,1,chars_002.bmp,1563
撖,U+6496,1,chars_002.bmp,1564
摺,U+647A,1,chars_002.bmp,1565
綦,U+7DA6,1,chars_002.bmp,1566
聚,U+805A,1,chars_002.bmp,1567
蔫,U+852B,1,chars_002.bmp,1568
蔷,U+8537,1,chars_002.bmp,1569
靺,U+977A,1,chars_002.bmp,1570
靼,U+977C,1,chars_002.bmp,1571
鞅,U+9785,1,chars_002.bmp,1572
靽,U+977D,1,chars_002.bmp,1573
鞁,U+9781,1,chars_002.bmp,1574
靿,U+977F,1,chars_002.bmp,1575
蔌,U+850C,1,chars_002.bmp,1576
慕,U+6155,1,chars_002.bmp,1577
暮,U+66AE,1,chars_002.bmp,1578
摹,U+6479,1,chars_002.bmp,1579
蔓,U+8513,1,chars_002.bmp,1580
蔑,U+8511,1,chars_002.bmp,1581
蔸,U+8538,1,chars_002.bmp,1582
蓰,U+84F0,1,chars_002.bmp,1583
蔹,U+8539,1,chars_002.bmp,1584
蔡,U+8521,1,chars_002.bmp,1585
蔗,U+8517,1,chars_002.bmp,1586
蔟,U+851F,1,chars_002.bmp,1587
蔺,U+853A,1,chars_002.bmp,1588
戬,U+622C,1,chars_002.bmp,1589
蔽,U+853D,1,chars_002.bmp,1590
蕖,U+8556,1,chars_002.bmp,1591
蔻,U+853B,1,chars_002.bmp,1592
蓿,U+84FF,1,chars_002.bmp,1593
蔼,U+853C,1,chars_002.bmp,1594
斡,U+65A1,1,chars_002.bmp,1595
熙,U+7199,1,chars_002.bmp,1596
蔚,U+851A,1,chars_002.bmp,1597
鹕,U+9E55,1,chars_002.bmp,1598
兢,U+5162,1,chars_002.bmp,1599
嘏,U+560F,1,chars_002.bmp,1600
蓼,U+84FC,1,chars_002.bmp,1601
榛,U+699B,1,chars_002.bmp,1602
榧,U+69A7,1,chars_002.bmp,1603
模,U+6A21,1,chars_002.bmp,1604
槚,U+69DA,1,chars_002.bmp,1605
槛,U+69DB,1,chars_002.bmp,1606
榻,U+69BB,1,chars_002.bmp,1607
榫,U+69AB,1,chars_002.bmp,1608
槜,U+69DC,1,chars_002.bmp,1609
榭,U+69AD,1,chars_002.bmp,1610
槔,U+69D4,1,chars_002.bmp,1611
榴,U+69B4,1,chars_002.bmp,1612
槁,U+69C1,1,chars_002.bmp,1613
榜,U+699C,1,chars_002.bmp,1614
槟,U+69DF,1,chars_002.bmp,1615
榨,U+69A8,1,chars_002.bmp,1616
榕,U+6995,1,chars_002.bmp,1617
槠,U+69E0,1,chars_002.bmp,1618
榷,U+69B7,1,chars_002.bmp,1619
榍,U+698D,1,chars_002.bmp,1620
歌,U+6B4C,1,chars_002.bmp,1621
遭,U+906D,1,chars_002.bmp,1622
僰,U+50F0,1,chars_002.bmp,1623
酵,U+9175,1,chars_002.bmp,1624
酽,U+917D,1,chars_002.bmp,1625
酾,U+917E,1,chars_002.bmp,1626
酲,U+9172,1,chars_002.bmp,1627
酷,U+9177,1,chars_002.bmp,1628
酶,U+9176,1,chars_002.bmp,1629
酴,U+9174,1,chars_002.bmp,1630
酹,U+9179,1,chars_002.bmp,1631
酿,U+917F,1,chars_002.bmp,1632
酸,U+9178,1,chars_002.bmp,1633
厮,U+53AE,1,chars_002.bmp,1634
碶,U+78B6,1,chars_002.bmp,1635
碡,U+78A1,1,chars_002.bmp,1636
碟,U+789F,1,chars_002.bmp,1637
碴,U+78B4,1,chars_002.bmp,1638
碱,U+78B1,1,chars_002.bmp,1639
碣,U+78A3,1,chars_002.bmp,1640
碳,U+78B3,1,chars_002.bmp,1641
碲,U+78B2,1,chars_002.bmp,1642
磋,U+78CB,1,chars_002.bmp,1643
磁,U+78C1,1,chars_002.bmp,1644
碹,U+78B9,1,chars_002.bmp,1645
碥,U+78A5,1,chars_002.bmp,1646
愿,U+613F,1,chars_002.bmp,1647
劂,U+5282,1,chars_002.bmp,1648
臧,U+81E7,1,chars_002.bmp,1649
豨,U+8C68,1,chars_002.bmp,1650
殡,U+6BA1,1,chars_002.bmp,1651
需,U+9700,1,chars_002.bmp,1652
霆,U+9706,1,chars_002.bmp,1653
霁,U+9701,1,chars_002.bmp,1654
辕,U+8F95,1,chars_002.bmp,1655
辖,U+8F96,1,chars_002.bmp,1656
辗,U+8F97,1,chars_002.bmp,1657
蜚,U+871A,1,chars_002.bmp,1658
裴,U+88F4,1,chars_002.bmp,1659
翡,U+7FE1,1,chars_002.bmp,1660
雌,U+96CC,1,chars_002.bmp,1661
龇,U+9F87,1,chars_002.bmp,1662
龈,U+9F88,1,chars_002.bmp,1663
睿,U+777F,1,chars_002.bmp,1664
裳,U+88F3,1,chars_002.bmp,1665
颗,U+9897,1,chars_002.bmp,1666
夥,U+5925,1,chars_002.bmp,1667
瞅,U+7785,1,chars_002.bmp,1668
瞍,U+778D,1,chars_002.bmp,1669
睽,U+777D,1,chars_002.bmp,1670
墅,U+5885,1,chars_002.bmp,1671
嘞,U+561E,1,chars_002.bmp,1672
嘈,U+5608,1,chars_002.bmp,1673
嗽,U+55FD,1,chars_002.bmp,1674
嘌,U+560C,1,chars_002.bmp,1675
嘁,U+5601,1,chars_002.bmp,1676
嘎,U+560E,1,chars_002.bmp,1677
暧,U+66A7,1,chars_002.bmp,1678
暝,U+669D,1,chars_002.bmp,1679
踌,U+8E0C,1,chars_002.bmp,1680
踉,U+8E09,1,chars_002.bmp,1681
跽,U+8DFD,1,chars_002.bmp,1682
踊,U+8E0A,1,chars_002.bmp,1683
蜻,U+873B,1,chars_002.bmp,1684
蜞,U+871E,1,chars_002.bmp,1685
蜡,U+8721,1,chars_002.bmp,1686
蜥,U+8725,1,chars_002.bmp,1687
蜮,U+872E,1,chars_002.bmp,1688
蜾,U+873E,1,chars_002.bmp,1689
蝈,U+8748,1,chars_002.bmp,1690
蜴,U+8734,1,chars_002.bmp,1691
蝇,U+8747,1,chars_002.bmp,1692
蜘,U+8718,1,chars_002.bmp,1693
蜱,U+8731,1,chars_002.bmp,1694
蜩,U+8729,1,chars_002.bmp,1695
蜷,U+8737,1,chars_002.bmp,1696
蝉,U+8749,1,chars_002.bmp,1697
蜿,U+873F,1,chars_002.bmp,1698
螂,U+8782,1,chars_002.bmp,1699
蜢,U+8722,1,chars_002.bmp,1700
嘘,U+5618,1,chars_002.bmp,1701
嘡,U+5621,1,chars_002.bmp,1702
鹗,U+9E57,1,chars_002.bmp,1703
嘣,U+5623,1,chars_002.bmp,1704
嘤,U+5624,1,chars_002.bmp,1705
嘚,U+561A,1,chars_002.bmp,1706
嘛,U+561B,1,chars_002.bmp,1707
嘀,U+5600,1,chars_002.bmp,1708
嗾,U+55FE,1,chars_002.bmp,1709
嘧,U+5627,1,chars_002.bmp,1710
罴,U+7F74,1,chars_002.bmp,1711
罱,U+7F71,1,chars_002.bmp,1712
幔,U+5E54,1,chars_002.bmp,1713
嶂,U+5D82,1,chars_002.bmp,1714
赙,U+8D59,1,chars_002.bmp,1715
罂,U+7F42,1,chars_002.bmp,1716
赚,U+8D5A,1,chars_002.bmp,1717
骷,U+9AB7,1,chars_002.bmp,1718
骶,U+9AB6,1,chars_002.bmp,1719
鹘,U+9E58,1,chars_002.bmp,1720
锲,U+9532,1,chars_002.bmp,1721
锴,U+9534,1,chars_002.bmp,1722
锶,U+9536,1,chars_002.bmp,1723
锷,U+9537,1,chars_002.bmp,1724
锸,U+9538,1,chars_002.bmp,1725
锹,U+9539,1,chars_002.bmp,1726
锻,U+953B,1,chars_002.bmp,1727
锽,U+953D,1,chars_002.bmp,1728
锾,U+953E,1,chars_002.bmp,1729
锵,U+9535,1,chars_002.bmp,1730
锿,U+953F,1,chars_002.bmp,1731
镀,U+9540,1,chars_002.bmp,1732
镁,U+9541,1,chars_002.bmp,1733
镂,U+9542,1,chars_002.bmp,1734
镃,U+9543,1,chars_002.bmp,1735
镄,U+9544,1,chars_002.bmp,1736
镅,U+9545,1,chars_002.bmp,1737
舞,U+821E,1,chars_002.bmp,1738
犒,U+7292,1,chars_002.bmp,1739
舔,U+8214,1,chars_002.bmp,1740
稳,U+7A33,1,chars_002.bmp,1741
熏,U+718F,1,chars_002.bmp,1742
箐,U+7B90,1,chars_002.bmp,1743
箦,U+7BA6,1,chars_002.bmp,1744
箧,U+7BA7,1,chars_002.bmp,1745
箍,U+7B8D,1,chars_002.bmp,1746
箸,U+7BB8,1,chars_002.bmp,1747
箨,U+7BA8,1,chars_002.bmp,1748
箕,U+7B95,1,chars_002.bmp,1749
箬,U+7BAC,1,chars_002.bmp,1750
算,U+7B97,1,chars_002.bmp,1751
箅,U+7B85,1,chars_002.bmp,1752
箩,U+7BA9,1,chars_002.bmp,1753
箪,U+7BAA,1,chars_002.bmp,1754
箔,U+7B94,1,chars_002.bmp,1755
管,U+7BA1,1,chars_002.bmp,1756
箜,U+7B9C,1,chars_002.bmp,1757
箢,U+7BA2,1,chars_002.bmp,1758
箫,U+7BAB,1,chars_002.bmp,1759
箓,U+7B93,1,chars_002.bmp,1760
毓,U+6BD3,1,chars_002.bmp,1761
舆,U+8206,1,chars_002.bmp,1762
僖,U+50D6,1,chars_002.bmp,1763
儆,U+5106,1,chars_002.bmp,1764
僳,U+50F3,1,chars_002.bmp,1765
僚,U+50DA,1,chars_002.bmp,1766
僭,U+50ED,1,chars_002.bmp,1767
僬,U+50EC,1,chars_002.bmp,1768
劁,U+5281,1,chars_002.bmp,1769
僦,U+50E6,1,chars_002.bmp,1770
僮,U+50EE,1,chars_002.bmp,1771
僧,U+50E7,1,chars_002.bmp,1772
鼻,U+9F3B,1,chars_002.bmp,1773
魄,U+9B44,1,chars_002.bmp,1774
魅,U+9B45,1,chars_002.bmp,1775
魃,U+9B43,1,chars_002.bmp,1776
魆,U+9B46,1,chars_002.bmp,1777
睾,U+777E,1,chars_002.bmp,1778
艋,U+824B,1,chars_002.bmp,1779
鄱,U+9131,1,chars_002.bmp,1780
貌,U+8C8C,1,chars_002.bmp,1781
膜,U+819C,1,chars_002.bmp,1782
膊,U+818A,1,chars_002.bmp,1783
膈,U+8188,1,chars_002.bmp,1784
膀,U+8180,1,chars_002.bmp,1785
膑,U+8191,1,chars_002.bmp,1786
鲑,U+9C91,1,chars_002.bmp,1787
鲔,U+9C94,1,chars_002.bmp,1788
鲙,U+9C99,1,chars_002.bmp,1789
鲚,U+9C9A,1,chars_002.bmp,1790
鲛,U+9C9B,1,chars_002.bmp,1791
鲜,U+9C9C,1,chars_002.bmp,1792
鲟,U+9C9F,1,chars_002.bmp,1793
疑,U+7591,1,chars_002.bmp,1794
獐,U+7350,1,chars_002.bmp,1795
獍,U+734D,1,chars_002.bmp,1796
飗,U+98D7,1,chars_002.bmp,1797
觫,U+89EB,1,chars_002.bmp,1798
雒,U+96D2,1,chars_002.bmp,1799
孵,U+5B75,1,chars_002.bmp,1800
夤,U+5924,1,chars_002.bmp,1801
馑,U+9991,1,chars_002.bmp,1802
馒,U+9992,1,chars_002.bmp,1803
銮,U+92AE,1,chars_002.bmp,1804
裹,U+88F9,1,chars_002.bmp,1805
敲,U+6572,1,chars_002.bmp,1806
豪,U+8C6A,1,chars_002.bmp,1807
膏,U+818F,1,chars_002.bmp,1808
塾,U+587E,1,chars_002.bmp,1809
遮,U+906E,1,chars_002.bmp,1810
麽,U+9EBD,1,chars_002.bmp,1811
廙,U+5ED9,1,chars_002.bmp,1812
腐,U+8150,1,chars_002.bmp,1813
瘩,U+7629,1,chars_002.bmp,1814
瘌,U+760C,1,chars_002.bmp,1815
瘗,U+7617,1,chars_002.bmp,1816
瘟,U+761F,1,chars_002.bmp,1817
瘦,U+7626,1,chars_002.bmp,1818
瘊,U+760A,1,chars_002.bmp,1819
瘥,U+7625,1,chars_002.bmp,1820
瘘,U+7618,1,chars_002.bmp,1821
瘙,U+7619,1,chars_002.bmp,1822
廖,U+5ED6,1,chars_002.bmp,1823
辣,U+8FA3,1,chars_002.bmp,1824
彰,U+5F70,1,chars_002.bmp,1825
竭,U+7AED,1,chars_002.bmp,1826
韶,U+97F6,1,chars_002.bmp,1827
端,U+7AEF,1,chars_002.bmp,1828
旗,U+65D7,1,chars_002.bmp,1829
旖,U+65D6,1,chars_002.bmp,1830
膂,U+8182,1,chars_002.bmp,1831
阚,U+961A,1,chars_002.bmp,1832
鄯,U+912F,1,chars_002.bmp,1833
鲞,U+9C9E,1,chars_002.bmp,1834
精,U+7CBE,1,chars_002.bmp,1835
粼,U+7CBC,1,chars_002.bmp,1836
粹,U+7CB9,1,chars_002.bmp,1837
粽,U+7CBD,1,chars_002.bmp,1838
糁,U+7CC1,1,chars_002.bmp,1839
歉,U+6B49,1,chars_002.bmp,1840
槊,U+69CA,1,chars_002.bmp,1841
鹚,U+9E5A,1,chars_002.bmp,1842
弊,U+5F0A,1,chars_002.bmp,1843
熄,U+7184,1,chars_002.bmp,1844
熘,U+7198,1,chars_002.bmp,1845
熔,U+7194,1,chars_002.bmp,1846
煽,U+717D,1,chars_002.bmp,1847
熥,U+71A5,1,chars_002.bmp,1848
潢,U+6F62,1,chars_002.bmp,1849
潆,U+6F46,1,chars_002.bmp,1850
潇,U+6F47,1,chars_002.bmp,1851
漤,U+6F24,1,chars_002.bmp,1852
漆,U+6F06,1,chars_002.bmp,1853
漕,U+6F15,1,chars_002.bmp,1854
漱,U+6F31,1,chars_002.bmp,1855
漂,U+6F02,1,chars_002.bmp,1856
滹,U+6EF9,1,chars_002.bmp,1857
漫,U+6F2B,1,chars_002.bmp,1858
漯,U+6F2F,1,chars_002.bmp,1859
漶,U+6F36,1,chars_002.bmp,1860
潋,U+6F4B,1,chars_002.bmp,1861
潴,U+6F74,1,chars_002.bmp,1862
漪,U+6F2A,1,chars_002.bmp,1863
漉,U+6F09,1,chars_002.bmp,1864
漳,U+6F33,1,chars_002.bmp,1865
滴,U+6EF4,1,chars_002.bmp,1866
漩,U+6F29,1,chars_002.bmp,1867
漾,U+6F3E,1,chars_002.bmp,1868
演,U+6F14,1,chars_002.bmp,1869
澉,U+6F89,1,chars_002.bmp,1870
漏,U+6F0F,1,chars_002.bmp,1871
潍,U+6F4D,1,chars_002.bmp,1872
慢,U+6162,1,chars_002.bmp,1873
慷,U+6177,1,chars_002.bmp,1874
慵,U+6175,1,chars_002.bmp,1875
寨,U+5BE8,1,chars_002.bmp,1876
赛,U+8D5B,1,chars_002.bmp,1877
搴,U+6434,1,chars_002.bmp,1878
寡,U+5BE1,1,chars_002.bmp,1879
窬,U+7AAC,1,chars_002.bmp,1880
窨,U+7AA8,1,chars_002.bmp,1881
窭,U+7AAD,1,chars_002.bmp,1882
察,U+5BDF,1,chars_002.bmp,1883
蜜,U+871C,1,chars_002.bmp,1884
寤,U+5BE4,1,chars_002.bmp,1885
寥,U+5BE5,1,chars_002.bmp,1886
谭,U+8C2D,1,chars_002.bmp,1887
肇,U+8087,1,chars_002.bmp,1888
綮,U+7DAE,1,chars_002.bmp,1889
谮,U+8C2E,1,chars_002.bmp,1890
褡,U+8921,1,chars_002.bmp,1891
褙,U+8919,1,chars_002.bmp,1892
褐,U+8910,1,chars_002.bmp,1893
褓,U+8913,1,chars_002.bmp,1894
褛,U+891B,1,chars_002.bmp,1895
褊,U+890A,1,chars_002.bmp,1896
褪,U+892A,1,chars_002.bmp,1897
禚,U+799A,1,chars_002.bmp,1898
谯,U+8C2F,1,chars_002.bmp,1899
谰,U+8C30,1,chars_002.bmp,1900
谱,U+8C31,1,chars_002.bmp,1901
谲,U+8C32,1,chars_002.bmp,1902
暨,U+66A8,1,chars_002.bmp,1903
屣,U+5C63,1,chars_002.bmp,1904
鹛,U+9E5B,1,chars_002.bmp,1905
隧,U+96A7,1,chars_002.bmp,1906
嫣,U+5AE3,1,chars_002.bmp,1907
嫱,U+5AF1,1,chars_002.bmp,1908
嫩,U+5AE9,1,chars_002.bmp,1909
嫖,U+5AD6,1,chars_002.bmp,1910
嫦,U+5AE6,1,chars_002.bmp,1911
嫚,U+5ADA,1,chars_002.bmp,1912
嫘,U+5AD8,1,chars_002.bmp,1913
嫜,U+5ADC,1,chars_002.bmp,1914
嫡,U+5AE1,1,chars_002.bmp,1915
嫪,U+5AEA,1,chars_002.bmp,1916
鼐,U+9F10,1,chars_002.bmp,1917
翟,U+7FDF,1,chars_002.bmp,1918
翠,U+7FE0,1,chars_002.bmp,1919
熊,U+718A,1,chars_002.bmp,1920
凳,U+51F3,1,chars_002.bmp,1921
瞀,U+7780,1,chars_002.bmp,1922
鹜,U+9E5C,1,chars_002.bmp,1923
骠,U+9AA0,1,chars_002.bmp,1924
缥,U+7F25,1,chars_002.bmp,1925
缦,U+7F26,1,chars_002.bmp,1926
缧,U+7F27,1,chars_002.bmp,1927
骡,U+9AA1,1,chars_002.bmp,1928
缨,U+7F28,1,chars_002.bmp,1929
骢,U+9AA2,1,chars_002.bmp,1930
缩,U+7F29,1,chars_002.bmp,1931
缪,U+7F2A,1,chars_002.bmp,1932
缫,U+7F2B,1,chars_002.bmp,1933
慧,U+6167,1,chars_002.bmp,1934
耦,U+8026,1,chars_002.bmp,1935
耧,U+8027,1,chars_002.bmp,1936
瑾,U+747E,1,chars_002.bmp,1937
璜,U+749C,1,chars_002.bmp,1938
璀,U+7480,1,chars_002.bmp,1939
璎,U+748E,1,chars_002.bmp,1940
璁,U+7481,1,chars_002.bmp,1941
璋,U+748B,1,chars_002.bmp,1942
璇,U+7487,1,chars_002.bmp,1943
璆,U+7486,1,chars_002.bmp,1944
奭,U+596D,1,chars_002.bmp,1945
撵,U+64B5,1,chars_002.bmp,1946
髯,U+9AEF,1,chars_002.bmp,1947
髫,U+9AEB,1,chars_002.bmp,1948
撷,U+64B7,1,chars_002.bmp,1949
撕,U+6495,1,chars_002.bmp,1950
撒,U+6492,1,chars_002.bmp,1951
撅,U+6485,1,chars_002.bmp,1952
撩,U+64A9,1,chars_002.bmp,1953
趣,U+8DA3,1,chars_002.bmp,1954
趟,U+8D9F,1,chars_002.bmp,1955
撑,U+6491,1,chars_002.bmp,1956
撮,U+64AE,1,chars_002.bmp,1957
撬,U+64AC,1,chars_002.bmp,1958
赭,U+8D6D,1,chars_002.bmp,1959
播,U+64AD,1,chars_002.bmp,1960
墦,U+58A6,1,chars_002.bmp,1961
擒,U+64D2,1,chars_002.bmp,1962
撸,U+64B8,1,chars_002.bmp,1963
鋆,U+92C6,1,chars_002.bmp,1964
墩,U+58A9,1,chars_002.bmp,1965
撞,U+649E,1,chars_002.bmp,1966
撤,U+64A4,1,chars_002.bmp,1967
撙,U+6499,1,chars_002.bmp,1968
增,U+589E,1,chars_002.bmp,1969
撺,U+64BA,1,chars_002.bmp,1970
墀,U+5880,1,chars_002.bmp,1971
撰,U+64B0,1,chars_002.bmp,1972
聩,U+8069,1,chars_002.bmp,1973
聪,U+806A,1,chars_002.bmp,1974
觐,U+89D0,1,chars_002.bmp,1975
鞋,U+978B,1,chars_002.bmp,1976
鞑,U+9791,1,chars_002.bmp,1977
蕙,U+8559,1,chars_002.bmp,1978
鞒,U+9792,1,chars_002.bmp,1979
鞍,U+978D,1,chars_002.bmp,1980
蕈,U+8548,1,chars_002.bmp,1981
蕨,U+8568,1,chars_002.bmp,1982
蕤,U+8564,1,chars_002.bmp,1983
蕞,U+855E,1,chars_003.bmp,0
蕺,U+857A,1,chars_003.bmp,1
瞢,U+77A2,1,chars_003.bmp,2
蕉,U+8549,1,chars_003.bmp,3
劐,U+5290,1,chars_003.bmp,4
蕃,U+8543,1,chars_003.bmp,5
蕲,U+8572,1,chars_003.bmp,6
蕰,U+8570,1,chars_003.bmp,7
蕊,U+854A,1,chars_003.bmp,8
赜,U+8D5C,1,chars_003.bmp,9
蔬,U+852C,1,chars_003.bmp,10
蕴,U+8574,1,chars_003.bmp,11
鼒,U+9F12,1,chars_003.bmp,12
槿,U+69FF,1,chars_003.bmp,13
横,U+6A2A,1,chars_003.bmp,14
樯,U+6A2F,1,chars_003.bmp,15
槽,U+69FD,1,chars_003.bmp,16
槭,U+69ED,1,chars_003.bmp,17
樗,U+6A17,1,chars_003.bmp,18
樘,U+6A18,1,chars_003.bmp,19
樱,U+6A31,1,chars_003.bmp,20
樊,U+6A0A,1,chars_003.bmp,21
橡,U+6A61,1,chars_003.bmp,22
槲,U+69F2,1,chars_003.bmp,23
樟,U+6A1F,1,chars_003.bmp,24
橄,U+6A44,1,chars_003.bmp,25
敷,U+6577,1,chars_003.bmp,26
鹝,U+9E5D,1,chars_003.bmp,27
豌,U+8C4C,1,chars_003.bmp,28
飘,U+98D8,1,chars_003.bmp,29
醋,U+918B,1,chars_003.bmp,30
醌,U+918C,1,chars_003.bmp,31
醇,U+9187,1,chars_003.bmp,32
醉,U+9189,1,chars_003.bmp,33
醅,U+9185,1,chars_003.bmp,34
靥,U+9765,1,chars_003.bmp,35
魇,U+9B47,1,chars_003.bmp,36
餍,U+990D,1,chars_003.bmp,37
磕,U+78D5,1,chars_003.bmp,38
磊,U+78CA,1,chars_003.bmp,39
磔,U+78D4,1,chars_003.bmp,40
磙,U+78D9,1,chars_003.bmp,41
磅,U+78C5,1,chars_003.bmp,42
碾,U+78BE,1,chars_003.bmp,43
磉,U+78C9,1,chars_003.bmp,44
殣,U+6BA3,1,chars_003.bmp,45
慭,U+616D,1,chars_003.bmp,46
震,U+9707,1,chars_003.bmp,47
霄,U+9704,1,chars_003.bmp,48
霉,U+9709,1,chars_003.bmp,49
霈,U+9708,1,chars_003.bmp,50
辘,U+8F98,1,chars_003.bmp,51
龉,U+9F89,1,chars_003.bmp,52
龊,U+9F8A,1,chars_003.bmp,53
觑,U+89D1,1,chars_003.bmp,54
瞌,U+778C,1,chars_003.bmp,55
瞒,U+7792,1,chars_003.bmp,56
题,U+9898,1,chars_003.bmp,57
暴,U+66B4,1,chars_003.bmp,58
瞎,U+778E,1,chars_003.bmp,59
瞑,U+7791,1,chars_003.bmp,60
嘻,U+563B,1,chars_003.bmp,61
嘭,U+562D,1,chars_003.bmp,62
噎,U+564E,1,chars_003.bmp,63
嘶,U+5636,1,chars_003.bmp,64
噶,U+5676,1,chars_003.bmp,65
嘲,U+5632,1,chars_003.bmp,66
颙,U+9899,1,chars_003.bmp,67
暹,U+66B9,1,chars_003.bmp,68
嘹,U+5639,1,chars_003.bmp,69
影,U+5F71,1,chars_003.bmp,70
踔,U+8E14,1,chars_003.bmp,71
踝,U+8E1D,1,chars_003.bmp,72
踢,U+8E22,1,chars_003.bmp,73
踏,U+8E0F,1,chars_003.bmp,74
踟,U+8E1F,1,chars_003.bmp,75
踬,U+8E2C,1,chars_003.bmp,76
踩,U+8E29,1,chars_003.bmp,77
踮,U+8E2E,1,chars_003.bmp,78
踣,U+8E23,1,chars_003.bmp,79
踯,U+8E2F,1,chars_003.bmp,80
踪,U+8E2A,1,chars_003.bmp,81
踺,U+8E3A,1,chars_003.bmp,82
踞,U+8E1E,1,chars_003.bmp,83
蝽,U+877D,1,chars_003.bmp,84
蝶,U+8776,1,chars_003.bmp,85
蝾,U+877E,1,chars_003.bmp,86
蝴,U+8774,1,chars_003.bmp,87
蝻,U+877B,1,chars_003.bmp,88
蝠,U+8760,1,chars_003.bmp,89
蝰,U+8770,1,chars_003.bmp,90
蝎,U+874E,1,chars_003.bmp,91
蝮,U+876E,1,chars_003.bmp,92
螋,U+878B,1,chars_003.bmp,93
蝗,U+8757,1,chars_003.bmp,94
蝓,U+8753,1,chars_003.bmp,95
蝣,U+8763,1,chars_003.bmp,96
蝼,U+877C,1,chars_003.bmp,97
蝤,U+8764,1,chars_003.bmp,98
蝙,U+8759,1,chars_003.bmp,99
噗,U+5657,1,chars_003.bmp,100
嘬,U+562C,1,chars_003.bmp,101
颚,U+989A,1,chars_003.bmp,102
嘿,U+563F,1,chars_003.bmp,103
噍,U+564D,1,chars_003.bmp,104
噢,U+5662,1,chars_003.bmp,105
噙,U+5659,1,chars_003.bmp,106
噜,U+565C,1,chars_003.bmp,107
噌,U+564C,1,chars_003.bmp,108
嘱,U+5631,1,chars_003.bmp,109
噀,U+5640,1,chars_003.bmp,110
噔,U+5654,1,chars_003.bmp,111
颛,U+989B,1,chars_003.bmp,112
幞,U+5E5E,1,chars_003.bmp,113
幡,U+5E61,1,chars_003.bmp,114
嶓,U+5D93,1,chars_003.bmp,115
嶙,U+5D99,1,chars_003.bmp,116
嶝,U+5D9D,1,chars_003.bmp,117
墨,U+58A8,1,chars_003.bmp,118
骺,U+9ABA,1,chars_003.bmp,119
骼,U+9ABC,1,chars_003.bmp,120
骸,U+9AB8,1,chars_003.bmp,121
镊,U+954A,1,chars_003.bmp,122
镆,U+9546,1,chars_003.bmp,123
镇,U+9547,1,chars_003.bmp,124
镈,U+9548,1,chars_003.bmp,125
镉,U+9549,1,chars_003.bmp,126
镋,U+954B,1,chars_003.bmp,127
镌,U+954C,1,chars_003.bmp,128
镍,U+954D,1,chars_003.bmp,129
镎,U+954E,1,chars_003.bmp,130
镏,U+954F,1,chars_003.bmp,131
镐,U+9550,1,chars_003.bmp,132
镑,U+9551,1,chars_003.bmp,133
镒,U+9552,1,chars_003.bmp,134
镓,U+9553,1,chars_003.bmp,135
镔,U+9554,1,chars_003.bmp,136
靠,U+9760,1,chars_003.bmp,137
稽,U+7A3D,1,chars_003.bmp,138
稷,U+7A37,1,chars_003.bmp,139
稻,U+7A3B,1,chars_003.bmp,140
黎,U+9ECE,1,chars_003.bmp,141
稿,U+7A3F,1,chars_003.bmp,142
稼,U+7A3C,1,chars_003.bmp,143
箱,U+7BB1,1,chars_003.bmp,144
箴,U+7BB4,1,chars_003.bmp,145
篑,U+7BD1,1,chars_003.bmp,146
篁,U+7BC1,1,chars_003.bmp,147
篌,U+7BCC,1,chars_003.bmp,148
篓,U+7BD3,1,chars_003.bmp,149
箭,U+7BAD,1,chars_003.bmp,150
篇,U+7BC7,1,chars_003.bmp,151
篆,U+7BC6,1,chars_003.bmp,152
僵,U+50F5,1,chars_003.bmp,153
牖,U+7256,1,chars_003.bmp,154
儇,U+5107,1,chars_003.bmp,155
儋,U+510B,1,chars_003.bmp,156
躺,U+8EBA,1,chars_003.bmp,157
僻,U+50FB,1,chars_003.bmp,158
德,U+5FB7,1,chars_003.bmp,159
徵,U+5FB5,1,chars_003.bmp,160
艘,U+8258,1,chars_003.bmp,161
磐,U+78D0,1,chars_003.bmp,162
虢,U+8662,1,chars_003.bmp,163
鹞,U+9E5E,1,chars_003.bmp,164
鹟,U+9E5F,1,chars_003.bmp,165
膝,U+819D,1,chars_003.bmp,166
膘,U+8198,1,chars_003.bmp,167
膛,U+819B,1,chars_003.bmp,168
滕,U+6ED5,1,chars_003.bmp,169
鲠,U+9CA0,1,chars_003.bmp,170
鲡,U+9CA1,1,chars_003.bmp,171
鲢,U+9CA2,1,chars_003.bmp,172
鲣,U+9CA3,1,chars_003.bmp,173
鲥,U+9CA5,1,chars_003.bmp,174
鲤,U+9CA4,1,chars_003.bmp,175
鲦,U+9CA6,1,chars_003.bmp,176
鲧,U+9CA7,1,chars_003.bmp,177
鲩,U+9CA9,1,chars_003.bmp,178
鲪,U+9CAA,1,chars_003.bmp,179
鲫,U+9CAB,1,chars_003.bmp,180
鲬,U+9CAC,1,chars_003.bmp,181
橥,U+6A65,1,chars_003.bmp,182
獗,U+7357,1,chars_003.bmp,183
獠,U+7360,1,chars_003.bmp,184
觯,U+89EF,1,chars_003.bmp,185
鹠,U+9E60,1,chars_003.bmp,186
馓,U+9993,1,chars_003.bmp,187
馔,U+9994,1,chars_003.bmp,188
熟,U+719F,1,chars_003.bmp,189
摩,U+6469,1,chars_003.bmp,190
麾,U+9EBE,1,chars_003.bmp,191
褒,U+8912,1,chars_003.bmp,192
廛,U+5EDB,1,chars_003.bmp,193
瘛,U+761B,1,chars_003.bmp,194
瘼,U+763C,1,chars_003.bmp,195
瘪,U+762A,1,chars_003.bmp,196
瘢,U+7622,1,chars_003.bmp,197
瘤,U+7624,1,chars_003.bmp,198
瘠,U+7620,1,chars_003.bmp,199
瘫,U+762B,1,chars_003.bmp,200
齑,U+9F51,1,chars_003.bmp,201
鹡,U+9E61,1,chars_003.bmp,202
凛,U+51DB,1,chars_003.bmp,203
颜,U+989C,1,chars_003.bmp,204
毅,U+6BC5,1,chars_003.bmp,205
羯,U+7FAF,1,chars_003.bmp,206
羰,U+7FB0,1,chars_003.bmp,207
糊,U+7CCA,1,chars_003.bmp,208
糇,U+7CC7,1,chars_003.bmp,209
遴,U+9074,1,chars_003.bmp,210
糌,U+7CCC,1,chars_003.bmp,211
糍,U+7CCD,1,chars_003.bmp,212
糈,U+7CC8,1,chars_003.bmp,213
糅,U+7CC5,1,chars_003.bmp,214
翦,U+7FE6,1,chars_003.bmp,215
遵,U+9075,1,chars_003.bmp,216
鹣,U+9E63,1,chars_003.bmp,217
憋,U+618B,1,chars_003.bmp,218
熜,U+719C,1,chars_003.bmp,219
熵,U+71B5,1,chars_003.bmp,220
熠,U+71A0,1,chars_003.bmp,221
潜,U+6F5C,1,chars_003.bmp,222
澍,U+6F8D,1,chars_003.bmp,223
澎,U+6F8E,1,chars_003.bmp,224
澌,U+6F8C,1,chars_003.bmp,225
潵,U+6F75,1,chars_003.bmp,226
潮,U+6F6E,1,chars_003.bmp,227
潸,U+6F78,1,chars_003.bmp,228
潭,U+6F6D,1,chars_003.bmp,229
潦,U+6F66,1,chars_003.bmp,230
鲨,U+9CA8,1,chars_003.bmp,231
潲,U+6F72,1,chars_003.bmp,232
鋈,U+92C8,1,chars_003.bmp,233
潟,U+6F5F,1,chars_003.bmp,234
澳,U+6FB3,1,chars_003.bmp,235
潘,U+6F58,1,chars_003.bmp,236
潼,U+6F7C,1,chars_003.bmp,237
澈,U+6F88,1,chars_003.bmp,238
澜,U+6F9C,1,chars_003.bmp,239
潽,U+6F7D,1,chars_003.bmp,240
潺,U+6F7A,1,chars_003.bmp,241
澄,U+6F84,1,chars_003.bmp,242
潏,U+6F4F,1,chars_003.bmp,243
懂,U+61C2,1,chars_003.bmp,244
憬,U+61AC,1,chars_003.bmp,245
憔,U+6194,1,chars_003.bmp,246
懊,U+61CA,1,chars_003.bmp,247
憧,U+61A7,1,chars_003.bmp,248
憎,U+618E,1,chars_003.bmp,249
寮,U+5BEE,1,chars_003.bmp,250
窳,U+7AB3,1,chars_003.bmp,251
额,U+989D,1,chars_003.bmp,252
谳,U+8C33,1,chars_003.bmp,253
翩,U+7FE9,1,chars_003.bmp,254
褥,U+8925,1,chars_003.bmp,255
褴,U+8934,1,chars_003.bmp,256
褫,U+892B,1,chars_003.bmp,257
禤,U+79A4,1,chars_003.bmp,258
谴,U+8C34,1,chars_003.bmp,259
鹤,U+9E64,1,chars_003.bmp,260
谵,U+8C35,1,chars_003.bmp,261
憨,U+61A8,1,chars_003.bmp,262
熨,U+71A8,1,chars_003.bmp,263
慰,U+6170,1,chars_003.bmp,264
劈,U+5288,1,chars_003.bmp,265
履,U+5C65,1,chars_003.bmp,266
屦,U+5C66,1,chars_003.bmp,267
嬉,U+5B09,1,chars_003.bmp,268
勰,U+52F0,1,chars_003.bmp,269
戮,U+622E,1,chars_003.bmp,270
蝥,U+8765,1,chars_003.bmp,271
豫,U+8C6B,1,chars_003.bmp,272
缬,U+7F2C,1,chars_003.bmp,273
缭,U+7F2D,1,chars_003.bmp,274
缮,U+7F2E,1,chars_003.bmp,275
缯,U+7F2F,1,chars_003.bmp,276
骣,U+9AA3,1,chars_003.bmp,277
畿,U+757F,1,chars_003.bmp,278
耩,U+8029,1,chars_003.bmp,279
耨,U+8028,1,chars_003.bmp,280
耪,U+802A,1,chars_003.bmp,281
璞,U+749E,1,chars_003.bmp,282
璟,U+749F,1,chars_003.bmp,283
靛,U+975B,1,chars_003.bmp,284
璠,U+74A0,1,chars_003.bmp,285
璘,U+7498,1,chars_003.bmp,286
聱,U+8071,1,chars_003.bmp,287
螯,U+87AF,1,chars_003.bmp,288
髻,U+9AFB,1,chars_003.bmp,289
髭,U+9AED,1,chars_003.bmp,290
髹,U+9AF9,1,chars_003.bmp,291
擀,U+64C0,1,chars_003.bmp,292
撼,U+64BC,1,chars_003.bmp,293
擂,U+64C2,1,chars_003.bmp,294
操,U+64CD,1,chars_003.bmp,295
熹,U+71B9,1,chars_003.bmp,296
甏,U+750F,1,chars_003.bmp,297
擐,U+64D0,1,chars_003.bmp,298
擅,U+64C5,1,chars_003.bmp,299
擞,U+64DE,1,chars_003.bmp,300
磬,U+78EC,1,chars_003.bmp,301
鄹,U+9139,1,chars_003.bmp,302
颞,U+989E,1,chars_003.bmp,303
蕻,U+857B,1,chars_003.bmp,304
鞘,U+9798,1,chars_003.bmp,305
燕,U+71D5,1,chars_003.bmp,306
黇,U+9EC7,1,chars_003.bmp,307
颟,U+989F,1,chars_003.bmp,308
薤,U+85A4,1,chars_003.bmp,309
蕾,U+857E,1,chars_003.bmp,310
薯,U+85AF,1,chars_003.bmp,311
薛,U+859B,1,chars_003.bmp,312
薇,U+8587,1,chars_003.bmp,313
檠,U+6AA0,1,chars_003.bmp,314
擎,U+64CE,1,chars_003.bmp,315
薪,U+85AA,1,chars_003.bmp,316
薏,U+858F,1,chars_003.bmp,317
蕹,U+8579,1,chars_003.bmp,318
薮,U+85AE,1,chars_003.bmp,319
薄,U+8584,1,chars_003.bmp,320
颠,U+98A0,1,chars_003.bmp,321
翰,U+7FF0,1,chars_003.bmp,322
噩,U+5669,1,chars_003.bmp,323
薜,U+859C,1,chars_003.bmp,324
薅,U+8585,1,chars_003.bmp,325
樾,U+6A3E,1,chars_003.bmp,326
橱,U+6A71,1,chars_003.bmp,327
橛,U+6A5B,1,chars_003.bmp,328
橇,U+6A47,1,chars_003.bmp,329
樵,U+6A35,1,chars_003.bmp,330
檎,U+6A8E,1,chars_003.bmp,331
橹,U+6A79,1,chars_003.bmp,332
橦,U+6A66,1,chars_003.bmp,333
樽,U+6A3D,1,chars_003.bmp,334
樨,U+6A28,1,chars_003.bmp,335
橙,U+6A59,1,chars_003.bmp,336
橘,U+6A58,1,chars_003.bmp,337
橼,U+6A7C,1,chars_003.bmp,338
墼,U+58BC,1,chars_003.bmp,339
整,U+6574,1,chars_003.bmp,340
橐,U+6A50,1,chars_003.bmp,341
融,U+878D,1,chars_003.bmp,342
翮,U+7FEE,1,chars_003.bmp,343
瓢,U+74E2,1,chars_003.bmp,344
醛,U+919B,1,chars_003.bmp,345
醐,U+9190,1,chars_003.bmp,346
醍,U+918D,1,chars_003.bmp,347
醒,U+9192,1,chars_003.bmp,348
醚,U+919A,1,chars_003.bmp,349
醑,U+9191,1,chars_003.bmp,350
觱,U+89F1,1,chars_003.bmp,351
磺,U+78FA,1,chars_003.bmp,352
磲,U+78F2,1,chars_003.bmp,353
赝,U+8D5D,1,chars_003.bmp,354
飙,U+98D9,1,chars_003.bmp,355
殪,U+6BAA,1,chars_003.bmp,356
霖,U+9716,1,chars_003.bmp,357
霏,U+970F,1,chars_003.bmp,358
霓,U+9713,1,chars_003.bmp,359
霍,U+970D,1,chars_003.bmp,360
霎,U+970E,1,chars_003.bmp,361
錾,U+933E,1,chars_003.bmp,362
辙,U+8F99,1,chars_003.bmp,363
辚,U+8F9A,1,chars_003.bmp,364
臻,U+81FB,1,chars_003.bmp,365
冀,U+5180,1,chars_003.bmp,366
餐,U+9910,1,chars_003.bmp,367
遽,U+907D,1,chars_003.bmp,368
氅,U+6C05,1,chars_003.bmp,369
瞟,U+779F,1,chars_003.bmp,370
瞠,U+77A0,1,chars_003.bmp,371
瞰,U+77B0,1,chars_003.bmp,372
嚄,U+5684,1,chars_003.bmp,373
嚆,U+5686,1,chars_003.bmp,374
噤,U+5664,1,chars_003.bmp,375
暾,U+66BE,1,chars_003.bmp,376
曈,U+66C8,1,chars_003.bmp,377
蹀,U+8E40,1,chars_003.bmp,378
蹅,U+8E45,1,chars_003.bmp,379
踶,U+8E36,1,chars_003.bmp,380
踹,U+8E39,1,chars_003.bmp,381
踵,U+8E35,1,chars_003.bmp,382
踽,U+8E3D,1,chars_003.bmp,383
嘴,U+5634,1,chars_003.bmp,384
踱,U+8E31,1,chars_003.bmp,385
蹄,U+8E44,1,chars_003.bmp,386
蹉,U+8E49,1,chars_003.bmp,387
蹁,U+8E41,1,chars_003.bmp,388
蹂,U+8E42,1,chars_003.bmp,389
螨,U+87A8,1,chars_003.bmp,390
蟒,U+87D2,1,chars_003.bmp,391
蟆,U+87C6,1,chars_003.bmp,392
螈,U+8788,1,chars_003.bmp,393
螅,U+8785,1,chars_003.bmp,394
螭,U+87AD,1,chars_003.bmp,395
螗,U+8797,1,chars_003.bmp,396
螃,U+8783,1,chars_003.bmp,397
螠,U+87A0,1,chars_003.bmp,398
螟,U+879F,1,chars_003.bmp,399
噱,U+5671,1,chars_003.bmp,400
器,U+5668,1,chars_003.bmp,401
噪,U+566A,1,chars_003.bmp,402
噬,U+566C,1,chars_003.bmp,403
噫,U+566B,1,chars_003.bmp,404
噻,U+567B,1,chars_003.bmp,405
噼,U+567C,1,chars_003.bmp,406
幪,U+5E6A,1,chars_003.bmp,407
罹,U+7F79,1,chars_003.bmp,408
圜,U+571C,1,chars_003.bmp,409
鹦,U+9E66,1,chars_003.bmp,410
赠,U+8D60,1,chars_003.bmp,411
默,U+9ED8,1,chars_003.bmp,412
黔,U+9ED4,1,chars_003.bmp,413
镖,U+9556,1,chars_003.bmp,414
镗,U+9557,1,chars_003.bmp,415
镘,U+9558,1,chars_003.bmp,416
镚,U+955A,1,chars_003.bmp,417
镛,U+955B,1,chars_003.bmp,418
镜,U+955C,1,chars_003.bmp,419
镝,U+955D,1,chars_003.bmp,420
镞,U+955E,1,chars_003.bmp,421
镠,U+9560,1,chars_003.bmp,422
氇,U+6C07,1,chars_003.bmp,423
氆,U+6C06,1,chars_003.bmp,424
赞,U+8D5E,1,chars_003.bmp,425
憩,U+61A9,1,chars_003.bmp,426
穑,U+7A51,1,chars_003.bmp,427
穆,U+7A46,1,chars_003.bmp,428
穄,U+7A44,1,chars_003.bmp,429
篝,U+7BDD,1,chars_003.bmp,430
篚,U+7BDA,1,chars_003.bmp,431
篥,U+7BE5,1,chars_003.bmp,432
篮,U+7BEE,1,chars_003.bmp,433
篡,U+7BE1,1,chars_003.bmp,434
簉,U+7C09,1,chars_003.bmp,435
篦,U+7BE6,1,chars_003.bmp,436
篪,U+7BEA,1,chars_003.bmp,437
篷,U+7BF7,1,chars_003.bmp,438
篙,U+7BD9,1,chars_003.bmp,439
篱,U+7BF1,1,chars_003.bmp,440
盥,U+76E5,1,chars_003.bmp,441
儒,U+5112,1,chars_003.bmp,442
劓,U+5293,1,chars_003.bmp,443
翱,U+7FF1,1,chars_003.bmp,444
魉,U+9B49,1,chars_003.bmp,445
魈,U+9B48,1,chars_003.bmp,446
邀,U+9080,1,chars_003.bmp,447
徼,U+5FBC,1,chars_003.bmp,448
衡,U+8861,1,chars_003.bmp,449
歙,U+6B59,1,chars_003.bmp,450
盦,U+76E6,1,chars_003.bmp,451
膨,U+81A8,1,chars_003.bmp,452
膪,U+81AA,1,chars_003.bmp,453
膳,U+81B3,1,chars_003.bmp,454
螣,U+87A3,1,chars_003.bmp,455
膦,U+81A6,1,chars_003.bmp,456
膙,U+8199,1,chars_003.bmp,457
雕,U+96D5,1,chars_003.bmp,458
鲭,U+9CAD,1,chars_003.bmp,459
鲮,U+9CAE,1,chars_003.bmp,460
鲯,U+9CAF,1,chars_003.bmp,461
鲰,U+9CB0,1,chars_003.bmp,462
鲱,U+9CB1,1,chars_003.bmp,463
鲲,U+9CB2,1,chars_003.bmp,464
鲳,U+9CB3,1,chars_003.bmp,465
鲴,U+9CB4,1,chars_003.bmp,466
鲵,U+9CB5,1,chars_003.bmp,467
鲷,U+9CB7,1,chars_003.bmp,468
鲸,U+9CB8,1,chars_003.bmp,469
鲺,U+9CBA,1,chars_003.bmp,470
鲹,U+9CB9,1,chars_003.bmp,471
鲻,U+9CBB,1,chars_003.bmp,472
獴,U+7374,1,chars_003.bmp,473
獭,U+736D,1,chars_003.bmp,474
獬,U+736C,1,chars_003.bmp,475
邂,U+9082,1,chars_003.bmp,476
憝,U+619D,1,chars_003.bmp,477
亸,U+4EB8,1,chars_003.bmp,478
鹧,U+9E67,1,chars_003.bmp,479
磨,U+78E8,1,chars_003.bmp,480
廨,U+5EE8,1,chars_003.bmp,481
赟,U+8D5F,1,chars_003.bmp,482
癀,U+7640,1,chars_003.bmp,483
瘭,U+762D,1,chars_003.bmp,484
瘰,U+7630,1,chars_003.bmp,485
廪,U+5EEA,1,chars_003.bmp,486
瘿,U+763F,1,chars_003.bmp,487
瘵,U+7635,1,chars_003.bmp,488
瘴,U+7634,1,chars_003.bmp,489
癃,U+7643,1,chars_003.bmp,490
瘾,U+763E,1,chars_003.bmp,491
瘸,U+7638,1,chars_003.bmp,492
瘳,U+7633,1,chars_003.bmp,493
斓,U+6593,1,chars_003.bmp,494
麇,U+9E87,1,chars_003.bmp,495
麈,U+9E88,1,chars_003.bmp,496
凝,U+51DD,1,chars_003.bmp,497
辨,U+8FA8,1,chars_003.bmp,498
辩,U+8FA9,1,chars_003.bmp,499
嬴,U+5B34,1,chars_003.bmp,500
壅,U+58C5,1,chars_003.bmp,501
羲,U+7FB2,1,chars_003.bmp,502
糙,U+7CD9,1,chars_003.bmp,503
糗,U+7CD7,1,chars_003.bmp,504
糖,U+7CD6,1,chars_003.bmp,505
糕,U+7CD5,1,chars_003.bmp,506
瞥,U+77A5,1,chars_003.bmp,507
甑,U+7511,1,chars_003.bmp,508
燎,U+71CE,1,chars_003.bmp,509
燠,U+71E0,1,chars_003.bmp,510
燔,U+71D4,1,chars_003.bmp,511
燃,U+71C3,1,chars_003.bmp,512
燧,U+71E7,1,chars_003.bmp,513
燏,U+71CF,1,chars_003.bmp,514
濑,U+6FD1,1,chars_003.bmp,515
濒,U+6FD2,1,chars_003.bmp,516
濉,U+6FC9,1,chars_003.bmp,517
潞,U+6F5E,1,chars_003.bmp,518
澧,U+6FA7,1,chars_003.bmp,519
澡,U+6FA1,1,chars_003.bmp,520
澴,U+6FB4,1,chars_003.bmp,521
激,U+6FC0,1,chars_003.bmp,522
澹,U+6FB9,1,chars_003.bmp,523
澥,U+6FA5,1,chars_003.bmp,524
澶,U+6FB6,1,chars_003.bmp,525
濂,U+6FC2,1,chars_003.bmp,526
澼,U+6FBC,1,chars_003.bmp,527
憷,U+61B7,1,chars_003.bmp,528
懒,U+61D2,1,chars_003.bmp,529
憾,U+61BE,1,chars_003.bmp,530
懈,U+61C8,1,chars_003.bmp,531
黉,U+9EC9,1,chars_003.bmp,532
褰,U+8930,1,chars_003.bmp,533
寰,U+5BF0,1,chars_003.bmp,534
窸,U+7AB8,1,chars_003.bmp,535
窿,U+7ABF,1,chars_003.bmp,536
褶,U+8936,1,chars_003.bmp,537
禧,U+79A7,1,chars_003.bmp,538
壁,U+58C1,1,chars_003.bmp,539
避,U+907F,1,chars_003.bmp,540
嬖,U+5B16,1,chars_003.bmp,541
犟,U+729F,1,chars_003.bmp,542
隰,U+96B0,1,chars_003.bmp,543
嬗,U+5B17,1,chars_003.bmp,544
鹨,U+9E68,1,chars_003.bmp,545
翯,U+7FEF,1,chars_003.bmp,546
颡,U+98A1,1,chars_003.bmp,547
缰,U+7F30,1,chars_003.bmp,548
缱,U+7F31,1,chars_003.bmp,549
缲,U+7F32,1,chars_003.bmp,550
缳,U+7F33,1,chars_003.bmp,551
缴,U+7F34,1,chars_003.bmp,552
璨,U+74A8,1,chars_003.bmp,553
璩,U+74A9,1,chars_003.bmp,554
璐,U+7490,1,chars_003.bmp,555
璪,U+74AA,1,chars_003.bmp,556
戴,U+6234,1,chars_003.bmp,557
螫,U+87AB,1,chars_003.bmp,558
擤,U+64E4,1,chars_003.bmp,559
壕,U+58D5,1,chars_003.bmp,560
擦,U+64E6,1,chars_003.bmp,561
觳,U+89F3,1,chars_003.bmp,562
罄,U+7F44,1,chars_003.bmp,563
擢,U+64E2,1,chars_003.bmp,564
藉,U+85C9,1,chars_003.bmp,565
薹,U+85B9,1,chars_003.bmp,566
鞡,U+97A1,1,chars_003.bmp,567
鞠,U+97A0,1,chars_003.bmp,568
藏,U+85CF,1,chars_003.bmp,569
薷,U+85B7,1,chars_003.bmp,570
薰,U+85B0,1,chars_003.bmp,571
藐,U+85D0,1,chars_003.bmp,572
藓,U+85D3,1,chars_003.bmp,573
藁,U+85C1,1,chars_003.bmp,574
檬,U+6AAC,1,chars_003.bmp,575
檑,U+6A91,1,chars_003.bmp,576
檄,U+6A84,1,chars_003.bmp,577
檐,U+6A90,1,chars_003.bmp,578
檩,U+6AA9,1,chars_003.bmp,579
檀,U+6A80,1,chars_003.bmp,580
懋,U+61CB,1,chars_003.bmp,581
醢,U+91A2,1,chars_003.bmp,582
翳,U+7FF3,1,chars_003.bmp,583
繄,U+7E44,1,chars_003.bmp,584
礁,U+7901,1,chars_003.bmp,585
礅,U+7905,1,chars_003.bmp,586
磷,U+78F7,1,chars_003.bmp,587
磴,U+78F4,1,chars_003.bmp,588
鹩,U+9E69,1,chars_003.bmp,589
霜,U+971C,1,chars_003.bmp,590
霞,U+971E,1,chars_003.bmp,591
龋,U+9F8B,1,chars_003.bmp,592
龌,U+9F8C,1,chars_003.bmp,593
豳,U+8C73,1,chars_003.bmp,594
壑,U+58D1,1,chars_003.bmp,595
黻,U+9EFB,1,chars_003.bmp,596
瞭,U+77AD,1,chars_003.bmp,597
瞧,U+77A7,1,chars_003.bmp,598
瞬,U+77AC,1,chars_003.bmp,599
瞳,U+77B3,1,chars_003.bmp,600
瞵,U+77B5,1,chars_003.bmp,601
瞩,U+77A9,1,chars_003.bmp,602
瞪,U+77AA,1,chars_003.bmp,603
嚏,U+568F,1,chars_003.bmp,604
曙,U+66D9,1,chars_003.bmp,605
嚅,U+5685,1,chars_003.bmp,606
蹑,U+8E51,1,chars_003.bmp,607
蹒,U+8E52,1,chars_003.bmp,608
蹋,U+8E4B,1,chars_003.bmp,609
蹈,U+8E48,1,chars_003.bmp,610
蹊,U+8E4A,1,chars_003.bmp,611
蹓,U+8E53,1,chars_003.bmp,612
蹐,U+8E50,1,chars_003.bmp,613
蟥,U+87E5,1,chars_003.bmp,614
螬,U+87AC,1,chars_003.bmp,615
螵,U+87B5,1,chars_003.bmp,616
疃,U+7583,1,chars_003.bmp,617
螳,U+87B3,1,chars_003.bmp,618
螺,U+87BA,1,chars_003.bmp,619
蟋,U+87CB,1,chars_003.bmp,620
蟑,U+87D1,1,chars_003.bmp,621
蟀,U+87C0,1,chars_003.bmp,622
嚎,U+568E,1,chars_003.bmp,623
嚓,U+5693,1,chars_003.bmp,624
羁,U+7F81,1,chars_003.bmp,625
罽,U+7F7D,1,chars_003.bmp,626
罾,U+7F7E,1,chars_003.bmp,627
嶷,U+5DB7,1,chars_003.bmp,628
赡,U+8D61,1,chars_003.bmp,629
黜,U+9EDC,1,chars_003.bmp,630
黝,U+9EDD,1,chars_003.bmp,631
髁,U+9AC1,1,chars_003.bmp,632
髀,U+9AC0,1,chars_003.bmp,633
镡,U+9561,1,chars_003.bmp,634
镢,U+9562,1,chars_003.bmp,635
镣,U+9563,1,chars_003.bmp,636
镤,U+9564,1,chars_003.bmp,637
镥,U+9565,1,chars_003.bmp,638
镦,U+9566,1,chars_003.bmp,639
镧,U+9567,1,chars_003.bmp,640
镨,U+9568,1,chars_003.bmp,641
镩,U+9569,1,chars_003.bmp,642
镪,U+956A,1,chars_003.bmp,643
镫,U+956B,1,chars_003.bmp,644
罅,U+7F45,1,chars_003.bmp,645
穗,U+7A57,1,chars_003.bmp,646
黏,U+9ECF,1,chars_003.bmp,647
魏,U+9B4F,1,chars_003.bmp,648
簧,U+7C27,1,chars_003.bmp,649
簌,U+7C0C,1,chars_003.bmp,650
篾,U+7BFE,1,chars_003.bmp,651
簃,U+7C03,1,chars_003.bmp,652
篼,U+7BFC,1,chars_003.bmp,653
簏,U+7C0F,1,chars_003.bmp,654
簇,U+7C07,1,chars_003.bmp,655
簖,U+7C16,1,chars_003.bmp,656
簋,U+7C0B,1,chars_003.bmp,657
繁,U+7E41,1,chars_003.bmp,658
鼢,U+9F22,1,chars_003.bmp,659
黛,U+9EDB,1,chars_003.bmp,660
儡,U+5121,1,chars_003.bmp,661
鹪,U+9E6A,1,chars_003.bmp,662
鼾,U+9F3E,1,chars_003.bmp,663
皤,U+76A4,1,chars_003.bmp,664
魍,U+9B4D,1,chars_003.bmp,665
徽,U+5FBD,1,chars_003.bmp,666
艚,U+825A,1,chars_003.bmp,667
龠,U+9FA0,1,chars_003.bmp,668
爵,U+7235,1,chars_003.bmp,669
繇,U+7E47,1,chars_003.bmp,670
貘,U+8C98,1,chars_003.bmp,671
邈,U+9088,1,chars_003.bmp,672
貔,U+8C94,1,chars_003.bmp,673
臌,U+81CC,1,chars_003.bmp,674
朦,U+6726,1,chars_003.bmp,675
臊,U+81CA,1,chars_003.bmp,676
膻,U+81BB,1,chars_003.bmp,677
臁,U+81C1,1,chars_003.bmp,678
臆,U+81C6,1,chars_003.bmp,679
臃,U+81C3,1,chars_003.bmp,680
鲼,U+9CBC,1,chars_003.bmp,681
鲽,U+9CBD,1,chars_003.bmp,682
鲾,U+9CBE,1,chars_003.bmp,683
鳀,U+9CC0,1,chars_003.bmp,684
鳁,U+9CC1,1,chars_003.bmp,685
鳂,U+9CC2,1,chars_003.bmp,686
鳃,U+9CC3,1,chars_003.bmp,687
鳄,U+9CC4,1,chars_003.bmp,688
鳅,U+9CC5,1,chars_003.bmp,689
鳆,U+9CC6,1,chars_003.bmp,690
鳇,U+9CC7,1,chars_003.bmp,691
鳈,U+9CC8,1,chars_003.bmp,692
鳉,U+9CC9,1,chars_003.bmp,693
鳊,U+9CCA,1,chars_003.bmp,694
獯,U+736F,1,chars_003.bmp,695
螽,U+87BD,1,chars_003.bmp,696
燮,U+71EE,1,chars_003.bmp,697
鹫,U+9E6B,1,chars_003.bmp,698
襄,U+8944,1,chars_003.bmp,699
糜,U+7CDC,1,chars_003.bmp,700
縻,U+7E3B,1,chars_003.bmp,701
膺,U+81BA,1,chars_003.bmp,702
癍,U+764D,1,chars_003.bmp,703
癌,U+764C,1,chars_003.bmp,704
麋,U+9E8B,1,chars_003.bmp,705
辫,U+8FAB,1,chars_003.bmp,706
赢,U+8D62,1,chars_003.bmp,707
糟,U+7CDF,1,chars_003.bmp,708
糠,U+7CE0,1,chars_003.bmp,709
馘,U+9998,1,chars_003.bmp,710
燥,U+71E5,1,chars_003.bmp,711
懑,U+61D1,1,chars_003.bmp,712
濡,U+6FE1,1,chars_003.bmp,713
濮,U+6FEE,1,chars_003.bmp,714
濞,U+6FDE,1,chars_003.bmp,715
濠,U+6FE0,1,chars_003.bmp,716
濯,U+6FEF,1,chars_003.bmp,717
懦,U+61E6,1,chars_003.bmp,718
豁,U+8C41,1,chars_003.bmp,719
蹇,U+8E47,1,chars_003.bmp,720
謇,U+8B07,1,chars_003.bmp,721
邃,U+9083,1,chars_003.bmp,722
襕,U+8955,1,chars_003.bmp,723
襁,U+8941,1,chars_003.bmp,724
臀,U+81C0,1,chars_003.bmp,725
檗,U+6A97,1,chars_003.bmp,726
甓,U+7513,1,chars_003.bmp,727
臂,U+81C2,1,chars_003.bmp,728
擘,U+64D8,1,chars_003.bmp,729
孺,U+5B7A,1,chars_003.bmp,730
隳,U+96B3,1,chars_003.bmp,731
嬷,U+5B37,1,chars_003.bmp,732
翼,U+7FFC,1,chars_003.bmp,733
蟊,U+87CA,1,chars_003.bmp,734
鹬,U+9E6C,1,chars_003.bmp,735
鍪,U+936A,1,chars_003.bmp,736
骤,U+9AA4,1,chars_003.bmp,737
鏊,U+93CA,1,chars_003.bmp,738
鳌,U+9CCC,1,chars_003.bmp,739
鬶,U+9B36,1,chars_003.bmp,740
鬈,U+9B08,1,chars_003.bmp,741
鬃,U+9B03,1,chars_003.bmp,742
瞽,U+77BD,1,chars_003.bmp,743
藕,U+85D5,1,chars_003.bmp,744
鞯,U+97AF,1,chars_003.bmp,745
鞨,U+97A8,1,chars_003.bmp,746
鞭,U+97AD,1,chars_003.bmp,747
鞫,U+97AB,1,chars_003.bmp,748
鞧,U+97A7,1,chars_003.bmp,749
鞣,U+97A3,1,chars_003.bmp,750
藜,U+85DC,1,chars_003.bmp,751
藠,U+85E0,1,chars_003.bmp,752
藤,U+85E4,1,chars_003.bmp,753
藩,U+85E9,1,chars_003.bmp,754
鹲,U+9E72,1,chars_003.bmp,755
檫,U+6AAB,1,chars_003.bmp,756
檵,U+6AB5,1,chars_003.bmp,757
覆,U+8986,1,chars_003.bmp,758
醪,U+91AA,1,chars_003.bmp,759
蹙,U+8E59,1,chars_003.bmp,760
礞,U+791E,1,chars_003.bmp,761
礓,U+7913,1,chars_003.bmp,762
礌,U+790C,1,chars_003.bmp,763
燹,U+71F9,1,chars_003.bmp,764
餮,U+992E,1,chars_003.bmp,765
瞿,U+77BF,1,chars_003.bmp,766
瞻,U+77BB,1,chars_003.bmp,767
曛,U+66DB,1,chars_003.bmp,768
颢,U+98A2,1,chars_003.bmp,769
曜,U+66DC,1,chars_003.bmp,770
躇,U+8E87,1,chars_003.bmp,771
蹦,U+8E66,1,chars_003.bmp,772
鹭,U+9E6D,1,chars_003.bmp,773
蹢,U+8E62,1,chars_003.bmp,774
蹜,U+8E5C,1,chars_003.bmp,775
蟛,U+87DB,1,chars_003.bmp,776
蟪,U+87EA,1,chars_003.bmp,777
蟠,U+87E0,1,chars_003.bmp,778
蟮,U+87EE,1,chars_003.bmp,779
嚚,U+569A,1,chars_003.bmp,780
嚣,U+56A3,1,chars_003.bmp,781
鹮,U+9E6E,1,chars_003.bmp,782
黠,U+9EE0,1,chars_003.bmp,783
黟,U+9EDF,1,chars_003.bmp,784
髅,U+9AC5,1,chars_003.bmp,785
髂,U+9AC2,1,chars_003.bmp,786
镬,U+956C,1,chars_003.bmp,787
镭,U+956D,1,chars_003.bmp,788
镯,U+956F,1,chars_003.bmp,789
镰,U+9570,1,chars_003.bmp,790
镱,U+9571,1,chars_003.bmp,791
馥,U+99A5,1,chars_003.bmp,792
簠,U+7C20,1,chars_003.bmp,793
簟,U+7C1F,1,chars_003.bmp,794
簪,U+7C2A,1,chars_003.bmp,795
簦,U+7C26,1,chars_003.bmp,796
鼫,U+9F2B,1,chars_003.bmp,797
鼬,U+9F2C,1,chars_003.bmp,798
鼩,U+9F29,1,chars_003.bmp,799
雠,U+96E0,1,chars_003.bmp,800
艟,U+825F,1,chars_003.bmp,801
翻,U+7FFB,1,chars_003.bmp,802
臑,U+81D1,1,chars_003.bmp,803
鳍,U+9CCD,1,chars_003.bmp,804
鳎,U+9CCE,1,chars_003.bmp,805
鳏,U+9CCF,1,chars_003.bmp,806
鳐,U+9CD0,1,chars_003.bmp,807
鳑,U+9CD1,1,chars_003.bmp,808
鹱,U+9E71,1,chars_003.bmp,809
鹰,U+9E70,1,chars_003.bmp,810
癞,U+765E,1,chars_003.bmp,811
癔,U+7654,1,chars_003.bmp,812
癜,U+765C,1,chars_003.bmp,813
癖,U+7656,1,chars_003.bmp,814
糨,U+7CE8,1,chars_003.bmp,815
冁,U+5181,1,chars_003.bmp,816
蹩,U+8E69,1,chars_003.bmp,817
瀑,U+7011,1,chars_003.bmp,818
瀍,U+700D,1,chars_003.bmp,819
瀌,U+700C,1,chars_003.bmp,820
鎏,U+938F,1,chars_003.bmp,821
懵,U+61F5,1,chars_003.bmp,822
襟,U+895F,1,chars_003.bmp,823
璧,U+74A7,1,chars_003.bmp,824
戳,U+6233,1,chars_003.bmp,825
彝,U+5F5D,1,chars_003.bmp,826
邋,U+908B,1,chars_003.bmp,827
鬏,U+9B0F,1,chars_003.bmp,828
攉,U+6509,1,chars_003.bmp,829
攒,U+6512,1,chars_003.bmp,830
鞲,U+97B2,1,chars_003.bmp,831
鞴,U+97B4,1,chars_003.bmp,832
藿,U+85FF,1,chars_003.bmp,833
蘧,U+8627,1,chars_003.bmp,834
孽,U+5B7D,1,chars_003.bmp,835
蘅,U+8605,1,chars_003.bmp,836
警,U+8B66,1,chars_003.bmp,837
蘑,U+8611,1,chars_003.bmp,838
藻,U+85FB,1,chars_003.bmp,839
麓,U+9E93,1,chars_003.bmp,840
攀,U+6500,1,chars_003.bmp,841
醭,U+91AD,1,chars_003.bmp,842
醮,U+91AE,1,chars_003.bmp,843
醯,U+91AF,1,chars_003.bmp,844
礤,U+7924,1,chars_003.bmp,845
酃,U+9143,1,chars_003.bmp,846
霪,U+972A,1,chars_003.bmp,847
霭,U+972D,1,chars_003.bmp,848
黼,U+9EFC,1,chars_003.bmp,849
曝,U+66DD,1,chars_003.bmp,850
嚯,U+56AF,1,chars_003.bmp,851
蹰,U+8E70,1,chars_003.bmp,852
蹶,U+8E76,1,chars_003.bmp,853
蹽,U+8E7D,1,chars_003.bmp,854
蹼,U+8E7C,1,chars_003.bmp,855
蹯,U+8E6F,1,chars_003.bmp,856
蹴,U+8E74,1,chars_003.bmp,857
蹾,U+8E7E,1,chars_003.bmp,858
蹲,U+8E72,1,chars_003.bmp,859
蹭,U+8E6D,1,chars_003.bmp,860
蹿,U+8E7F,1,chars_003.bmp,861
蹬,U+8E6C,1,chars_003.bmp,862
蠖,U+8816,1,chars_003.bmp,863
蠓,U+8813,1,chars_003.bmp,864
蠋,U+880B,1,chars_003.bmp,865
蟾,U+87FE,1,chars_003.bmp,866
蠊,U+880A,1,chars_003.bmp,867
巅,U+5DC5,1,chars_003.bmp,868
黢,U+9EE2,1,chars_003.bmp,869
髋,U+9ACB,1,chars_003.bmp,870
髌,U+9ACC,1,chars_003.bmp,871
镲,U+9572,1,chars_003.bmp,872
籀,U+7C40,1,chars_003.bmp,873
簸,U+7C38,1,chars_003.bmp,874
籁,U+7C41,1,chars_003.bmp,875
簿,U+7C3F,1,chars_003.bmp,876
鳘,U+9CD8,1,chars_003.bmp,877
齁,U+9F41,1,chars_003.bmp,878
魑,U+9B51,1,chars_003.bmp,879
艨,U+8268,1,chars_003.bmp,880
鼗,U+9F17,1,chars_003.bmp,881
鳓,U+9CD3,1,chars_003.bmp,882
鳔,U+9CD4,1,chars_003.bmp,883
鳕,U+9CD5,1,chars_003.bmp,884
鳗,U+9CD7,1,chars_003.bmp,885
鳙,U+9CD9,1,chars_003.bmp,886
鳚,U+9CDA,1,chars_003.bmp,887
蟹,U+87F9,1,chars_003.bmp,888
颤,U+98A4,1,chars_003.bmp,889
靡,U+9761,1,chars_003.bmp,890
癣,U+7663,1,chars_003.bmp,891
麒,U+9E92,1,chars_003.bmp,892
鏖,U+93D6,1,chars_003.bmp,893
瓣,U+74E3,1,chars_003.bmp,894
蠃,U+8803,1,chars_003.bmp,895
羸,U+7FB8,1,chars_003.bmp,896
羹,U+7FB9,1,chars_003.bmp,897
鳖,U+9CD6,1,chars_003.bmp,898
爆,U+7206,1,chars_003.bmp,899
瀚,U+701A,1,chars_003.bmp,900
瀣,U+7023,1,chars_003.bmp,901
瀛,U+701B,1,chars_003.bmp,902
襦,U+8966,1,chars_003.bmp,903
谶,U+8C36,1,chars_003.bmp,904
襞,U+895E,1,chars_003.bmp,905
疆,U+7586,1,chars_003.bmp,906
骥,U+9AA5,1,chars_003.bmp,907
缵,U+7F35,1,chars_003.bmp,908
瓒,U+74D2,1,chars_003.bmp,909
鬓,U+9B13,1,chars_003.bmp,910
壤,U+58E4,1,chars_003.bmp,911
攘,U+6518,1,chars_003.bmp,912
馨,U+99A8,1,chars_003.bmp,913
蘩,U+8629,1,chars_003.bmp,914
蘖,U+8616,1,chars_003.bmp,915
蘘,U+8618,1,chars_003.bmp,916
醵,U+91B5,1,chars_003.bmp,917
醴,U+91B4,1,chars_003.bmp,918
霰,U+9730,1,chars_003.bmp,919
颥,U+98A5,1,chars_003.bmp,920
酆,U+9146,1,chars_003.bmp,921
耀,U+8000,1,chars_003.bmp,922
矍,U+77CD,1,chars_003.bmp,923
曦,U+66E6,1,chars_003.bmp,924
躁,U+8E81,1,chars_003.bmp,925
躅,U+8E85,1,chars_003.bmp,926
蠕,U+8815,1,chars_003.bmp,927
鼍,U+9F0D,1,chars_003.bmp,928
嚼,U+56BC,1,chars_003.bmp,929
嚷,U+56B7,1,chars_003.bmp,930
巍,U+5DCD,1,chars_003.bmp,931
巉,U+5DC9,1,chars_003.bmp,932
黩,U+9EE9,1,chars_003.bmp,933
黥,U+9EE5,1,chars_003.bmp,934
镳,U+9573,1,chars_003.bmp,935
镴,U+9574,1,chars_003.bmp,936
黧,U+9EE7,1,chars_003.bmp,937
籍,U+7C4D,1,chars_003.bmp,938
纂,U+7E82,1,chars_003.bmp,939
鼯,U+9F2F,1,chars_003.bmp,940
臜,U+81DC,1,chars_003.bmp,941
鳜,U+9CDC,1,chars_003.bmp,942
鳝,U+9CDD,1,chars_003.bmp,943
鳞,U+9CDE,1,chars_003.bmp,944
鳟,U+9CDF,1,chars_003.bmp,945
獾,U+737E,1,chars_003.bmp,946
魔,U+9B54,1,chars_003.bmp,947
糯,U+7CEF,1,chars_003.bmp,948
灌,U+704C,1,chars_003.bmp,949
瀹,U+7039,1,chars_003.bmp,950
瀵,U+7035,1,chars_003.bmp,951
譬,U+8B6C,1,chars_003.bmp,952
孀,U+5B40,1,chars_003.bmp,953
骧,U+9AA7,1,chars_003.bmp,954
耰,U+8030,1,chars_003.bmp,955
蠢,U+8822,1,chars_003.bmp,956
瓘,U+74D8,1,chars_003.bmp,957
鼙,U+9F19,1,chars_003.bmp,958
醺,U+91BA,1,chars_003.bmp,959
礴,U+7934,1,chars_003.bmp,960
礳,U+7933,1,chars_003.bmp,961
霸,U+9738,1,chars_003.bmp,962
露,U+9732,1,chars_003.bmp,963
霹,U+9739,1,chars_003.bmp,964
颦,U+98A6,1,chars_003.bmp,965
曩,U+66E9,1,chars_003.bmp,966
躏,U+8E8F,1,chars_003.bmp,967
黯,U+9EEF,1,chars_003.bmp,968
髓,U+9AD3,1,chars_003.bmp,969
鼱,U+9F31,1,chars_003.bmp,970
鳡,U+9CE1,1,chars_003.bmp,971
鳢,U+9CE2,1,chars_003.bmp,972
癫,U+766B,1,chars_003.bmp,973
麝,U+9E9D,1,chars_003.bmp,974
赣,U+8D63,1,chars_003.bmp,975
夔,U+5914,1,chars_003.bmp,976
爝,U+721D,1,chars_003.bmp,977
灏,U+704F,1,chars_003.bmp,978
禳,U+79B3,1,chars_003.bmp,979
鐾,U+943E,1,chars_003.bmp,980
羼,U+7FBC,1,chars_003.bmp,981
蠡,U+8821,1,chars_003.bmp,982
耲,U+8032,1,chars_003.bmp,983
耱,U+8031,1,chars_003.bmp,984
懿,U+61FF,1,chars_003.bmp,985
韂,U+97C2,1,chars_003.bmp,986
蘸,U+8638,1,chars_003.bmp,987
鹳,U+9E73,1,chars_003.bmp,988
蘼,U+863C,1,chars_003.bmp,989
囊,U+56CA,1,chars_003.bmp,990
霾,U+973E,1,chars_003.bmp,991
氍,U+6C0D,1,chars_003.bmp,992
饕,U+9955,1,chars_003.bmp,993
躔,U+8E94,1,chars_003.bmp,994
躐,U+8E90,1,chars_003.bmp,995
髑,U+9AD1,1,chars_003.bmp,996
镵,U+9575,1,chars_003.bmp,997
镶,U+9576,1,chars_003.bmp,998
穰,U+7A70,1,chars_003.bmp,999
鳤,U+9CE4,1,chars_003.bmp,1000
瓤,U+74E4,1,chars_003.bmp,1001
饔,U+9954,1,chars_003.bmp,1002
鬻,U+9B3B,1,chars_003.bmp,1003
鬟,U+9B1F,1,chars_003.bmp,1004
趱,U+8DB1,1,chars_003.bmp,1005
攫,U+652B,1,chars_003.bmp,1006
攥,U+6525,1,chars_003.bmp,1007
颧,U+98A7,1,chars_003.bmp,1008
躜,U+8E9C,1,chars_003.bmp,1009
罐,U+7F50,1,chars_003.bmp,1010
鼹,U+9F39,1,chars_003.bmp,1011
鼷,U+9F37,1,chars_003.bmp,1012
癯,U+766F,1,chars_003.bmp,1013
麟,U+9E9F,1,chars_003.bmp,1014
蠲,U+8832,1,chars_003.bmp,1015
矗,U+77D7,1,chars_003.bmp,1016
蠹,U+8839,1,chars_003.bmp,1017
醾,U+91BE,1,chars_003.bmp,1018
躞,U+8E9E,1,chars_003.bmp,1019
衢,U+8862,1,chars_003.bmp,1020
鑫,U+946B,1,chars_003.bmp,1021
灞,U+705E,1,chars_003.bmp,1022
襻,U+897B,1,chars_003.bmp,1023
纛,U+7E9B,1,chars_003.bmp,1024
鬣,U+9B23,1,chars_003.bmp,1025
攮,U+652E,1,chars_003.bmp,1026
囔,U+56D4,1,chars_003.bmp,1027
馕,U+9995,1,chars_003.bmp,1028
戆,U+6206,1,chars_003.bmp,1029
蠼,U+883C,1,chars_003.bmp,1030
爨,U+7228,1,chars_003.bmp,1031
齉,U+9F49,1,chars_003.bmp,1032
